ge_lang	probability
ka	0.9767118692398071
ka	0.9996020793914795
ka	0.9938691258430481
ka	0.9998279213905334
ka	0.9954744577407837
ka	0.9865458011627197
ka	0.9865458011627197
ka	0.9954071640968323
ka	0.9999077320098877
ka	0.9861549139022827
ka	1.0000766515731812
ka	0.979765772819519
ka	0.9988631010055542
ka	0.9996320605278015
ka	0.996931254863739
ka	1.00007963180542
ka	1.0000592470169067
ka	0.9915252327919006
ka	0.9960790872573853
ka	0.9869305491447449
ka	0.9869305491447449
ka	0.9988352060317993
ka	0.9988352060317993
ka	0.9994686245918274
ka	0.9997789859771729
ka	0.9961662888526917
ka	0.9986951351165771
ka	0.9986951351165771
ka	0.9972884654998779
ka	0.9977394342422485
ka	1.0000720024108887
ka	0.9956994652748108
ka	0.9978194832801819
ka	0.9996753334999084
ka	1.0000406503677368
ka	1.0000702142715454
ka	0.9994066953659058
ka	1.000032663345337
ka	0.999893069267273
ka	0.9996414184570312
ka	0.9999775886535645
ka	1.000041127204895
ka	1.000075340270996
ka	0.9955938458442688
ka	0.9884123802185059
ka	0.9981753826141357
ka	0.9998190402984619
ka	0.999708890914917
ka	0.9998106360435486
ka	0.9300474524497986
ka	0.9983810782432556
ka	0.9852387309074402
ka	0.9949715733528137
ka	0.9875656366348267
ka	1.0000243186950684
ka	1.0000635385513306
ka	0.9988585114479065
ka	0.9988585114479065
ka	0.9995867013931274
ka	0.9959699511528015
ka	0.9993664622306824
ka	0.9993664622306824
ka	0.847673237323761
ka	0.9996597766876221
ka	0.999234676361084
ka	0.999234676361084
ka	0.9912720322608948
ka	0.9991199374198914
ka	0.9999433755874634
ka	0.9999433755874634
ka	0.998428225517273
ka	0.9974364638328552
ka	0.9974364638328552
ka	1.0000637769699097
ka	0.9996287822723389
ka	0.9985321760177612
ka	0.9281403422355652
ka	0.7752100229263306
ka	0.9526215195655823
ka	0.9937744140625
ka	0.9998826384544373
ka	0.9933823943138123
ka	0.99920654296875
ka	0.9999988675117493
ka	0.784561038017273
ka	0.9853011965751648
ka	0.9969276785850525
ka	0.9937949776649475
ka	0.9994592070579529
ka	0.9970334768295288
ka	0.9997117519378662
ka	0.9962064623832703
ka	0.9974575042724609
ka	0.9937913417816162
ka	0.9936280846595764
ka	0.9936280846595764
ka	0.9988826513290405
ka	0.9999914765357971
ka	0.9999110698699951
ka	0.9995924830436707
ka	0.9929586052894592
ka	0.9999523162841797
ka	0.9995992183685303
ka	1.0000324249267578
ka	0.998975396156311
ka	0.9989932775497437
ka	0.9996423125267029
ka	0.9981536865234375
ka	0.9999656677246094
ka	0.9999997019767761
ka	1.0000394582748413
ka	0.9991054534912109
ka	0.9999386072158813
ka	0.9998973608016968
ka	0.9973124861717224
ka	0.8989413380622864
ka	1.0000559091567993
ka	1.0000542402267456
ka	1.0000559091567993
ka	1.0000255107879639
ka	1.0000132322311401
ka	1.0000488758087158
ka	1.000028133392334
ka	0.9929019808769226
ka	0.9987747073173523
ka	0.9944203495979309
ka	0.9959906339645386
ka	0.98566073179245
ka	1.0000313520431519
ka	1.0000793933868408
ka	1.0000537633895874
ka	1.0000628232955933
ka	1.0000725984573364
ka	1.0000704526901245
ka	0.9996435046195984
ka	1.0000584125518799
ka	1.0000584125518799
ka	0.9998611807823181
ka	1.0000615119934082
ka	1.0000756978988647
ka	1.000068187713623
ka	1.0000730752944946
ka	1.000029444694519
ka	1.000066876411438
ka	1.00006902217865
ka	1.000058889389038
ka	1.0000725984573364
ka	1.000076174736023
ka	1.000067949295044
ka	0.9998745918273926
ka	1.000049114227295
ka	1.000041127204895
ka	1.000052571296692
ka	1.00007963180542
ka	0.999961256980896
ka	1.000047206878662
ka	1.000076413154602
ka	1.0000511407852173
ka	1.0000767707824707
ka	1.0000760555267334
ka	1.0000793933868408
ka	1.0000426769256592
ka	1.0000756978988647
ka	0.9999771118164062
ka	1.00002920627594
ka	1.0000061988830566
ka	1.000004529953003
ka	1.0000669956207275
ka	0.9980998039245605
ka	1.0000250339508057
ka	0.9997342228889465
ka	0.9998020529747009
ka	0.993302583694458
ka	0.9996858835220337
ka	0.995107889175415
ka	1.0000717639923096
ka	1.0000717639923096
ka	0.9994680881500244
ka	0.9996121525764465
ka	1.0000255107879639
ka	1.0000101327896118
ka	0.9998959898948669
ka	0.9997350573539734
ka	0.9996634125709534
ka	1.0000169277191162
ka	1.000069499015808
ka	0.9996064901351929
ka	0.9996064901351929
ka	1.0000784397125244
ka	0.9970196485519409
ka	1.0000576972961426
ka	0.9998912215232849
ka	0.9999097585678101
ka	0.9999467134475708
ka	0.9999365210533142
ka	0.9938610792160034
ka	1.0000778436660767
ka	1.000077247619629
ka	1.0000617504119873
ka	0.9999350905418396
ka	0.9998751878738403
ka	0.9994998574256897
ka	0.9992003440856934
ka	0.9970550537109375
ka	1.0000776052474976
ka	0.9942074418067932
ka	0.9906280040740967
ka	0.9991368651390076
ka	0.9997848272323608
ka	0.9971705675125122
ka	0.9998073577880859
ka	0.999988317489624
ka	0.9999879002571106
ka	0.9994012117385864
ka	1.000068187713623
ka	0.9980960488319397
ka	0.9993810653686523
ka	1.000060796737671
ka	0.9999725222587585
ka	1.0000730752944946
ka	0.9999932050704956
ka	0.9987581372261047
ka	0.9545906186103821
ka	0.9999412298202515
ka	0.9997172951698303
ka	0.9981861710548401
ka	1.000070333480835
ka	0.999688446521759
ka	0.9710502624511719
ka	0.9998769760131836
ka	1.0000160932540894
ka	0.9998694658279419
ka	0.9847408533096313
ka	1.0000783205032349
ka	1.0000756978988647
ka	0.9997043609619141
ka	0.9984079599380493
ka	0.9997333288192749
ka	0.9995508790016174
ka	0.9999406933784485
ka	0.9998984336853027
ka	1.0000418424606323
ka	0.99620521068573
ka	1.0000447034835815
ka	0.998714804649353
ka	0.9999354481697083
ka	0.998968780040741
ka	0.9999443292617798
ka	1.0000203847885132
ka	0.9996275305747986
ka	0.9936797022819519
ka	0.9865071773529053
ka	0.9979727268218994
ka	0.9989811778068542
ka	0.9996400475502014
ka	0.9995753765106201
ka	1.0000734329223633
ka	0.9998523592948914
ka	0.9991750717163086
ka	0.9994595050811768
ka	0.9845508337020874
ka	0.9813929796218872
ka	0.9846839308738708
ka	0.9998171925544739
ka	0.9996533393859863
ka	0.9877322316169739
ka	0.9994977116584778
ka	0.9999659657478333
ka	0.93595290184021
ka	0.9918513298034668
ka	0.9952773451805115
ka	1.0000678300857544
ka	0.9999220967292786
ka	0.9980393648147583
ka	0.9985085725784302
ka	0.9089469909667969
ka	0.9924145936965942
ka	0.9994894862174988
ka	0.9992928504943848
ka	0.9996976256370544
ka	1.0000239610671997
ka	0.9998804926872253
ka	1.0000604391098022
ka	0.9989590048789978
ka	0.998293399810791
ka	1.0000566244125366
ka	0.9997764229774475
ka	0.9997482299804688
ka	0.929861843585968
ka	1.00005042552948
ka	1.0000320672988892
ka	0.9994487166404724
ka	0.99956876039505
ka	1.0000746250152588
ka	1.0000290870666504
ka	1.0000020265579224
ka	0.9993797540664673
ka	1.0000383853912354
ka	0.9060133099555969
ka	1.0000017881393433
ka	1.000034213066101
ka	0.9995896220207214
ka	0.9969871640205383
ka	0.9731280207633972
ka	0.9144698977470398
ka	0.9991604685783386
ka	1.0000410079956055
ka	0.9989849925041199
ka	0.9959058165550232
ka	0.9993836879730225
ka	0.9997602105140686
ka	0.9995658993721008
ka	0.9998814463615417
ka	0.9879072904586792
ka	0.9999045133590698
ka	0.9935178756713867
ka	0.9931461811065674
ka	0.9969084858894348
ka	0.9999784231185913
ka	1.0000749826431274
ka	0.9987899661064148
ka	0.9996632933616638
ka	1.0000245571136475
ka	0.9997855424880981
ka	0.9977941513061523
ka	0.9986337423324585
ka	0.9986980557441711
ka	0.9999964237213135
ka	0.9885163903236389
ka	0.9870114922523499
ka	0.9693222641944885
ka	0.9990454316139221
ka	1.000074863433838
ka	0.9992499947547913
ka	0.9974187016487122
ka	0.9999954104423523
ka	1.0000728368759155
ka	0.9717653393745422
ka	0.9998495578765869
ka	0.9992642998695374
ka	0.9983105063438416
ka	0.9990646839141846
ka	0.34752902388572693
ka	1.0000413656234741
ka	0.9935073256492615
ka	0.9979977607727051
ka	0.9961985349655151
ka	0.9998615384101868
ka	0.9980531930923462
ka	0.9999470114707947
ka	0.9803532958030701
ka	0.9998407959938049
ka	0.9967902302742004
ka	1.0000487565994263
ka	0.9996841549873352
ka	0.9999708533287048
ka	0.9999191164970398
ka	0.9995594620704651
ka	0.9997567534446716
ka	0.9993687272071838
ka	1.0000230073928833
ka	0.9972028732299805
ka	0.997038722038269
ka	0.9995248913764954
ka	0.9999948740005493
ka	1.0000163316726685
ka	0.9908463358879089
ka	0.9998308420181274
ka	0.999967098236084
ka	0.9993708729743958
ka	1.00005042552948
ka	0.9999943375587463
ka	0.999801516532898
ka	0.9982159733772278
ka	0.9980884790420532
ka	0.9976761937141418
ka	1.0000760555267334
ka	0.9994394183158875
ka	0.9997562766075134
ka	0.9989066123962402
ka	0.9532660245895386
ka	0.9830026030540466
ka	0.9977660775184631
ka	0.9981278777122498
ka	0.9989616870880127
ka	0.9478018879890442
ka	0.9999703764915466
ka	0.999454140663147
ka	0.9987580180168152
ka	0.9988529086112976
ka	0.9957389235496521
ka	0.9899410009384155
ka	0.9997006058692932
ka	0.9995980262756348
ka	0.9992511868476868
ka	0.9962996244430542
ka	0.9998481869697571
ka	0.8679288625717163
ka	0.8501035571098328
ka	1.0000022649765015
ka	0.9937872290611267
ka	0.9999989867210388
ka	0.9988048672676086
ka	0.9997884631156921
ka	1.000025987625122
ka	0.9830344915390015
ka	1.0000649690628052
ka	0.9937688112258911
ka	0.9776270985603333
ka	0.9897180795669556
ka	0.9985445737838745
ka	1.0000789165496826
ka	0.9989493489265442
ka	0.9667080044746399
ka	0.9996029138565063
ka	0.9998246431350708
ka	0.9995333552360535
ka	0.9900860786437988
ka	0.9998916387557983
ka	0.9996412396430969
ka	0.9980039000511169
ka	0.9935862421989441
ka	0.9991295337677002
ka	0.9987334609031677
ka	0.9990541338920593
ka	0.9974552392959595
ka	0.999957799911499
ka	0.9986828565597534
ka	0.9963288307189941
ka	0.9991369843482971
ka	0.99828040599823
ka	0.9994257092475891
ka	0.9985278248786926
ka	0.9992446303367615
ka	0.9960384964942932
ka	0.9984575510025024
ka	0.9995966553688049
ka	0.9989485740661621
ka	0.9992719888687134
ka	0.9984720349311829
ka	1.0000250339508057
ka	1.000030755996704
ka	0.9997506737709045
ka	0.9928135275840759
ka	0.9992374181747437
ka	0.9990039467811584
ka	0.9994236826896667
ka	0.998991847038269
ka	0.9963752627372742
ka	0.9952056407928467
ka	0.9944262504577637
ka	1.00001060962677
ka	0.9999166131019592
ka	0.9949471950531006
ka	0.9995267987251282
ka	0.9979463219642639
ka	0.9999923706054688
ka	0.999991238117218
ka	0.9994043111801147
ka	0.9993201494216919
ka	0.9904555678367615
ka	0.999532163143158
ka	0.9996455907821655
ka	0.9995055198669434
ka	1.000020980834961
ka	0.9992672204971313
ka	0.997793972492218
ka	0.9999252557754517
ka	0.9995783567428589
ka	0.9999423027038574
ka	0.9996182322502136
ka	0.996701717376709
ka	0.9994617104530334
ka	0.9972534775733948
ka	0.9908604621887207
ka	0.9980462193489075
ka	0.9985292553901672
ka	0.9978582859039307
ka	0.9998682141304016
ka	0.9968593716621399
ka	0.999818742275238
ka	0.9997279047966003
ka	0.9978018403053284
ka	0.998408854007721
ka	0.9995019435882568
ka	0.9719695448875427
ka	0.9999939203262329
ka	0.99979168176651
ka	0.9997990727424622
ka	0.9942659139633179
ka	0.9993515014648438
ka	0.9993947148323059
ka	0.9630565047264099
ka	0.9995297193527222
ka	0.9964733719825745
ka	0.9956486225128174
ka	0.9975886344909668
ka	0.9998178482055664
ka	0.9969309568405151
ka	0.9999517798423767
ka	0.9997398257255554
ka	0.988265872001648
ka	0.9983710050582886
ka	1.000018835067749
ka	0.996953010559082
ka	1.0000585317611694
ka	0.9980345368385315
ka	0.9996442198753357
ka	0.842941164970398
ka	0.9978260397911072
ka	0.9428994059562683
ka	0.9997212290763855
ka	0.9980520009994507
ka	1.000058889389038
ka	0.9994733333587646
ka	0.9983985424041748
ka	0.9988092184066772
ka	0.8947595953941345
ka	0.9981222748756409
ka	0.9998167157173157
ka	0.9592395424842834
ka	0.7079286575317383
ka	0.9570795893669128
ka	0.9964957237243652
ka	0.9908106923103333
ka	0.9620153903961182
ka	0.9935713410377502
ka	0.5272660851478577
ka	0.9999282360076904
ka	0.9998601675033569
ka	0.9917795658111572
ka	0.9914734363555908
en	0.20620106160640717
ka	0.996020495891571
ka	0.9598471522331238
ka	0.9912053346633911
ka	0.9903292655944824
ka	0.955790638923645
ka	0.9946345686912537
ka	0.9983222484588623
ka	0.8562008142471313
ka	0.9970800876617432
ka	0.9687387347221375
ka	0.983422577381134
ka	0.9998466968536377
ka	0.997809886932373
ka	0.8339685797691345
ka	0.8611443638801575
ka	0.999957263469696
ka	0.9953324794769287
ka	0.8529199957847595
ka	0.8679244518280029
tt	0.3714970648288727
ka	0.7460991740226746
ka	0.9981691241264343
ka	0.9863748550415039
ka	0.9797553420066833
ka	0.9790219664573669
ka	0.9884787201881409
ka	0.9915805459022522
xmf	0.6421154737472534
ka	0.9784985184669495
en	0.47768276929855347
ka	0.9687976241111755
ka	0.9775838255882263
ka	0.4837152659893036
ka	0.9836732149124146
ka	0.9899393320083618
xmf	0.5929422378540039
ka	0.9991742372512817
ka	0.893893837928772
ka	0.9522169232368469
ka	0.9985777139663696
ka	0.997753381729126
ka	0.9999135136604309
ka	0.9942967295646667
ka	0.9425164461135864
ka	0.8898305892944336
ka	0.9972283840179443
ka	0.9348879456520081
ka	0.9131646156311035
uz	0.3466618061065674
ka	0.9925418496131897
ka	0.5562157034873962
ka	0.9998610615730286
ka	0.9310553073883057
ka	0.9545559287071228
ka	0.9883936047554016
ka	0.9995920062065125
ka	0.9974563717842102
ka	0.998254656791687
ka	0.5859589576721191
ka	0.8399697542190552
ka	0.9861132502555847
ka	0.9995229244232178
ka	0.6577193737030029
ka	0.976205050945282
ka	0.985515296459198
uz	0.4358343183994293
ka	0.9973470568656921
ka	0.9271737337112427
xmf	0.5441949367523193
ka	0.429261177778244
ka	0.9998559951782227
ka	0.9962806701660156
ka	0.8899591565132141
ka	0.9716751575469971
ka	0.9955790042877197
xmf	0.6564964652061462
ka	0.9939175248146057
ka	0.9989140629768372
xmf	0.7938089370727539
ka	0.9999568462371826
ka	0.9780696034431458
ka	0.9961286187171936
ka	0.9900665879249573
ka	0.9918652772903442
ka	0.9296398162841797
ka	0.9996708631515503
ka	0.9633193016052246
ka	0.9426488280296326
ka	0.9997802376747131
ka	0.8608595728874207
hy	0.23220230638980865
ka	0.837161123752594
ka	0.8457775115966797
ka	0.9933658838272095
ka	0.902080237865448
az	0.12246233969926834
hy	0.405411958694458
ka	0.9752472043037415
xmf	0.708954930305481
ka	0.9962087869644165
ka	0.9964161515235901
ka	0.5313606262207031
ka	0.7955805659294128
ka	0.8039939999580383
ka	0.9913383722305298
ka	0.9910416603088379
ka	0.9914695620536804
ka	0.9956751465797424
ka	0.9880566000938416
ka	0.9969838857650757
ka	1.0000052452087402
ka	0.9997427463531494
ka	0.9993923902511597
ka	1.0000369548797607
ka	0.9999761581420898
ka	0.9981679320335388
ka	0.9977930188179016
ka	0.9992695450782776
ka	0.9993534684181213
ka	0.9794378876686096
ka	1.0000784397125244
ka	0.999863862991333
ka	1.0000137090682983
ka	1.000055193901062
ka	1.0000488758087158
ka	0.9885955452919006
ka	0.9999420046806335
ka	0.9991480708122253
ka	0.999650239944458
ka	0.9997572898864746
ka	0.9992415904998779
ka	0.9997895359992981
ka	0.9999354481697083
ka	1.0000540018081665
ka	0.9998314380645752
ka	0.9999877214431763
ka	1.0000662803649902
ka	0.997628390789032
ka	0.9986551403999329
ka	0.9890497326850891
ka	0.9887419939041138
ka	0.9937063455581665
ka	0.9941754341125488
ka	0.9997296333312988
ka	0.9940948486328125
ka	0.9958192110061646
ka	0.9953378438949585
ka	0.9985673427581787
ka	0.9356113076210022
ka	0.9998124837875366
ka	0.9994240403175354
ka	0.9988622665405273
ka	0.9994398951530457
ka	0.9994149208068848
ka	0.9951072335243225
ka	0.9985449314117432
ka	0.9988499283790588
ka	0.9997168183326721
ka	0.9999318718910217
ka	0.9916332960128784
ka	0.9993290901184082
ka	0.9999574422836304
ka	0.9999999403953552
ka	0.9937359094619751
ka	0.9969677925109863
ka	1.0000332593917847
ka	0.9912005662918091
ka	0.9969453811645508
ka	0.999130129814148
ka	0.9999514222145081
ka	1.000073790550232
ka	0.9998324513435364
ka	1.0000025033950806
ka	0.9990600943565369
ka	0.7613340616226196
ka	0.9947693347930908
ka	0.9984551668167114
ka	0.9997567534446716
ka	0.9994481205940247
ka	0.9979380965232849
ka	0.9997396469116211
ka	1.000069499015808
ka	0.9997194409370422
ka	0.9999912977218628
ka	0.9978431463241577
ka	0.9490545988082886
ka	0.9998490810394287
ka	0.9996009469032288
ka	0.9999114871025085
ka	0.9987784028053284
ka	0.9991507530212402
ka	0.9413097500801086
ka	0.8582344055175781
ka	0.9996020197868347
ka	0.9999596476554871
ka	0.9994654059410095
ka	0.9997290372848511
ka	0.7092952132225037
ka	0.9999054670333862
ka	1.0000790357589722
ka	0.9918116331100464
ka	1.000052809715271
ka	0.9998909831047058
ka	1.000058889389038
ka	0.992492139339447
ka	0.9996868968009949
ka	0.9960390329360962
ka	0.9988934397697449
ka	0.9991614818572998
ka	0.9957222938537598
ka	0.9991832971572876
ka	0.9985485076904297
ka	0.9998636841773987
ka	0.9994874000549316
ka	0.9996420741081238
ka	0.9999948740005493
ka	0.999905526638031
ka	0.99126797914505
ka	0.999786376953125
ka	1.0000165700912476
ka	0.9987225532531738
ka	0.9926514029502869
ka	0.9995794892311096
ka	1.0000749826431274
ka	1.0000368356704712
ka	1.0000765323638916
ka	0.9945031404495239
ka	0.9999754428863525
ka	0.9998434782028198
ka	0.9989100694656372
ka	0.999944806098938
ka	0.9995521306991577
ka	0.9989932179450989
ka	0.9981772899627686
ka	0.9999447464942932
ka	1.0000760555267334
ka	0.9999856948852539
ka	0.9890754222869873
ka	0.9991424679756165
ka	0.9994571805000305
ka	0.9985016584396362
ka	1.0000134706497192
ka	1.000068187713623
ka	1.0000731945037842
ka	0.9998728036880493
ka	0.9990900754928589
ka	0.9969371557235718
ka	0.9991760849952698
ka	0.9979560971260071
ka	0.9964318871498108
ka	1.0000156164169312
ka	0.99991375207901
ka	0.9996746778488159
ka	0.9999788999557495
ka	0.9951451420783997
ka	0.9997535347938538
ka	0.9835875630378723
ka	0.9995000958442688
ka	0.9996727705001831
ka	0.9998263716697693
ka	1.000043511390686
ka	0.9992566108703613
ka	1.000006079673767
ka	0.9999659657478333
ka	0.9896392226219177
ka	0.9997014999389648
ka	1.0000642538070679
ka	1.0000488758087158
ka	0.998918354511261
ka	0.9932901859283447
ka	0.9992818236351013
ka	0.998748779296875
ka	1.000044345855713
ka	0.9976378679275513
ka	1.0000646114349365
ka	0.9976136684417725
ka	0.9965382218360901
ka	0.995862603187561
ka	0.9999745488166809
ka	1.000052809715271
ka	1.0000413656234741
ka	0.9998301863670349
ka	0.9967329502105713
ka	0.9991381764411926
ka	0.9999584555625916
ka	0.9994680285453796
ka	1.0000534057617188
ka	0.9992071986198425
ka	0.9905726313591003
ka	0.9999037981033325
ka	0.9994229078292847
ka	0.9999229907989502
ka	0.9580954909324646
ka	0.9086819291114807
ka	0.942400336265564
ka	0.9967597126960754
ka	0.848706066608429
ka	0.8837504982948303
ka	0.994706392288208
ka	0.9617335200309753
ka	0.7955329418182373
ka	0.8750379681587219
ka	0.9976498484611511
ka	0.9991514682769775
ka	0.9983076453208923
ka	0.9721447825431824
ka	0.9342361092567444
ka	0.9935061931610107
ka	0.616686999797821
ka	0.9480085968971252
ka	0.9522169232368469
ka	0.9996645450592041
ka	0.8604917526245117
ka	0.9861680269241333
ka	0.9942967295646667
ka	0.9962555170059204
ka	0.9965097904205322
ka	0.999919056892395
ka	0.9994128346443176
ka	0.4515426456928253
ka	0.9928889870643616
ka	0.950096845626831
ka	0.9719364047050476
xmf	0.9829239845275879
xmf	0.6669192314147949
ka	0.9956027269363403
ka	0.9254945516586304
ka	0.8950390815734863
ka	0.9975375533103943
ka	0.9990065693855286
ka	0.7733492851257324
ka	0.7525671124458313
ka	0.9573215842247009
ka	0.9697346091270447
ka	0.9785336852073669
ka	0.9985316395759583
ka	0.9965962767601013
ka	0.9612128138542175
ka	0.9944997429847717
ka	0.8039939999580383
ka	0.999584436416626
ka	0.5081830620765686
ka	0.8525047302246094
ka	0.9986660480499268
ka	0.9045047760009766
ka	0.9761388897895813
ka	0.9991174936294556
ka	0.9684926271438599
ka	0.9274431467056274
ka	0.9915310740470886
ka	0.9981876611709595
ka	0.9992315173149109
ka	0.9933794736862183
ka	0.8457775115966797
ka	0.9677882194519043
ka	0.8562269806861877
ka	0.9881377220153809
ka	0.9915050268173218
ka	1.000075101852417
ka	0.9960448741912842
ka	0.9399020075798035
ka	0.9998666644096375
ka	0.9301493763923645
ka	0.9248692393302917
ka	0.9985178112983704
ka	0.998975396156311
ka	0.8876346945762634
ka	0.9977117776870728
ka	0.9821555614471436
ka	0.9926992654800415
ka	0.9838243722915649
ka	1.0000630617141724
ka	0.9971853494644165
ka	0.9998399019241333
ka	0.998209536075592
ka	0.9996308088302612
ka	1.0000646114349365
ka	0.9900214672088623
ka	1.0000255107879639
ka	0.9990866780281067
ka	0.9997093081474304
ka	0.9997899532318115
ka	1.000028371810913
ka	0.9996445178985596
ka	0.9991705417633057
ka	0.9972311854362488
ka	1.0000684261322021
ka	0.9997217655181885
ka	0.9928715229034424
ka	0.7295844554901123
ka	0.9983314871788025
ka	0.9979637265205383
ka	0.9997216463088989
ka	0.9988455772399902
ka	0.9986338019371033
ka	0.9998934864997864
ka	0.9916630387306213
ka	1.0000207424163818
ka	0.9997694492340088
ka	1.0000582933425903
ka	0.9999478459358215
ka	0.9996377825737
ka	0.9995755553245544
ka	0.9995991587638855
ka	0.9975730180740356
ka	0.988382875919342
ka	0.9988445043563843
ka	0.9997034072875977
ka	0.9993190765380859
ka	0.9982587695121765
ka	0.9999842643737793
ka	0.9991472959518433
ka	0.967164158821106
ka	0.9631240367889404
ka	0.9999644756317139
ka	0.736049234867096
ka	0.9978985786437988
ka	0.9997830986976624
ka	0.9997499585151672
ka	0.8642297387123108
ka	0.9995139241218567
ka	0.999064564704895
ka	0.9917203187942505
ka	0.6839272975921631
ka	0.9943888187408447
ka	0.9929618835449219
ka	0.9942541718482971
ka	0.9973887205123901
ka	0.9888399243354797
ka	0.999592125415802
ka	0.998222827911377
ka	0.999673068523407
ka	0.9985668063163757
ka	0.9996657967567444
ka	1.0000290870666504
ka	0.9999767541885376
ka	0.9978955984115601
ka	0.9997420310974121
ka	0.999624490737915
ka	0.9999973773956299
ka	0.9997447729110718
ka	0.9997374415397644
ka	0.9997716546058655
ka	0.9999865889549255
ka	0.9927641153335571
ka	0.9992932081222534
ka	1.0000687837600708
ka	1.0000122785568237
ka	1.0000793933868408
ka	0.9992175102233887
ka	0.933769941329956
ka	0.9995181560516357
ka	0.9797801375389099
ka	0.9797801375389099
ka	1.0000288486480713
ka	0.9997957944869995
ka	0.9872717261314392
ka	0.99913489818573
ka	0.9871117472648621
ka	1.0000355243682861
ka	0.9906602501869202
ka	0.9997249245643616
ka	1.0000698566436768
ka	0.9993837475776672
ka	1.0000262260437012
ka	0.9999401569366455
ka	0.9987199902534485
ka	0.9988517165184021
ka	0.9602076411247253
ka	0.9998992681503296
ka	0.9992189407348633
ka	1.0000450611114502
ka	0.9998956322669983
ka	0.9995228052139282
ka	1.000074863433838
ka	1.0000202655792236
ka	0.9999321103096008
ka	0.9990747570991516
ka	0.9996940493583679
ka	0.9751264452934265
ka	0.9952943325042725
ka	1.0000795125961304
ka	0.9999839067459106
ka	0.9996774792671204
ka	0.9995929598808289
ka	1.0000102519989014
ka	0.9996468424797058
ka	0.999783992767334
ka	0.9992269277572632
ka	1.0000756978988647
ka	0.9999024271965027
ka	0.9988901615142822
ka	0.9988136291503906
ka	0.9998465776443481
ka	0.9997046589851379
ka	0.9996192455291748
ka	0.999941885471344
ka	0.995498538017273
ka	0.995498538017273
ka	0.9980272054672241
ka	0.9982253313064575
ka	0.9626734852790833
ka	0.9993853569030762
ka	0.9852675795555115
ka	0.9999568462371826
ka	0.9986395239830017
ka	0.9983331561088562
ka	0.9327483773231506
ka	0.9990425109863281
ka	0.9975916743278503
ka	0.9808337688446045
ka	0.9997609853744507
ka	0.9860758781433105
ka	0.9996557831764221
ka	0.9971631169319153
ka	0.998555064201355
ka	0.9974578619003296
ka	0.999978244304657
ka	0.9965333342552185
ka	0.9975473880767822
ka	0.9991602301597595
ka	0.9998763203620911
ka	0.9997044801712036
ka	0.9997525811195374
ka	1.0000262260437012
ka	1.0000287294387817
ka	0.9999690055847168
ka	0.9984683394432068
ka	1.0000585317611694
ka	0.9999983310699463
ka	0.9998918175697327
ka	0.9995421767234802
ka	1.0000312328338623
ka	0.9950969815254211
ka	0.9995574355125427
ka	0.995498538017273
ka	0.9999004006385803
ka	0.995498538017273
ka	1.0000197887420654
ka	0.9986745119094849
ka	0.9987415671348572
ka	1.000064492225647
ka	1.0000027418136597
ka	0.9996869564056396
ka	0.9997326135635376
ka	1.0000317096710205
ka	1.0000330209732056
ka	0.9837775230407715
ka	0.9994768500328064
ka	0.9968634247779846
ka	0.9869388341903687
ka	0.999647855758667
ka	0.9993617534637451
ka	0.9990499019622803
ka	0.9999393224716187
ka	0.9988049268722534
ka	0.9990127682685852
ka	0.9990499019622803
ka	0.9995673298835754
ka	0.9938511848449707
ka	0.9954772591590881
ka	0.9938511848449707
ka	0.9938511848449707
ka	0.9969342947006226
ka	0.9988501071929932
ka	0.9988501071929932
ka	0.9992690086364746
ka	0.9954772591590881
ka	0.9990236759185791
ka	0.9990236759185791
ka	0.9999090433120728
ka	0.9990236759185791
ka	0.9080653786659241
xmf	0.9506247043609619
ka	0.9995988011360168
xmf	0.7328542470932007
xmf	0.9200465679168701
ka	0.9993347525596619
ka	0.9958061575889587
ka	0.42049452662467957
ka	0.9108096361160278
ka	0.9985525012016296
ka	0.9490615725517273
ka	0.9989851713180542
ka	0.34086018800735474
ka	0.9995988011360168
ka	0.6977245807647705
ka	0.9987874627113342
ka	0.9978823065757751
ka	0.9952113032341003
ka	0.9957840442657471
ka	0.9580954909324646
ka	0.989651083946228
ka	0.9998745918273926
ka	0.9739156365394592
ka	0.9991658329963684
ka	0.9993347525596619
ka	0.9220148324966431
ka	0.849763035774231
ka	0.9697346091270447
ka	0.9937586188316345
ka	0.8499405384063721
ka	0.8903720378875732
ka	0.9995604753494263
ka	0.9104148149490356
ka	0.9570883512496948
ka	0.9925689101219177
ka	0.9279413819313049
ka	0.8757678270339966
ka	0.9665899276733398
ka	1.0000009536743164
ka	0.971100389957428
ka	0.837665855884552
xmf	0.8518456220626831
ka	0.9887741208076477
ka	0.9674283266067505
ka	0.9937673211097717
ka	0.8909910321235657
ka	0.9976505637168884
ka	0.9968003630638123
ka	0.963895857334137
ka	0.9997779726982117
ka	0.9996052384376526
xmf	0.8992554545402527
ka	0.982213020324707
ka	0.8842521905899048
ka	0.9272801280021667
ka	0.9995555281639099
ka	0.9963681697845459
ka	0.970152735710144
ka	0.9982717633247375
ka	0.9999192953109741
ka	0.9983531832695007
ka	0.9878934621810913
ka	0.9650841951370239
ka	0.9997785091400146
ka	0.4112117886543274
ka	0.9969577789306641
ka	0.9385595917701721
ka	0.9637117981910706
ka	0.5285905003547668
ka	0.9854052662849426
ka	0.9070180058479309
ka	0.9972098469734192
ka	0.9965161681175232
ka	0.9136523008346558
ka	0.9933124780654907
ka	0.9491495490074158
xmf	0.5041190981864929
xmf	0.4784863591194153
ka	0.9992761611938477
ka	0.994407057762146
ka	0.9998875260353088
ka	0.9933662414550781
ka	0.7967631220817566
ka	0.9611795544624329
ka	0.6376660466194153
ka	0.7955329418182373
ka	0.9774815440177917
ka	0.9823498725891113
ka	0.9403526186943054
ka	0.9497193694114685
ka	0.9751095771789551
ka	0.9813880324363708
ka	0.5007814764976501
ka	0.946276068687439
ka	0.9999948143959045
ka	0.999952495098114
ka	0.9794202446937561
ka	0.8752433061599731
ka	0.44420692324638367
ka	0.853501558303833
ka	0.5487490892410278
ka	0.9790129661560059
ka	0.22585763037204742
ka	0.487339049577713
ka	0.9834694862365723
ka	0.9859504699707031
ka	0.9949707984924316
ka	0.9985381960868835
ka	0.9966022372245789
ka	0.5607786178588867
ka	0.8836091160774231
ka	0.9461642503738403
ka	0.9991203546524048
ka	0.9936034679412842
ka	0.9949854016304016
ka	0.9954437613487244
ka	0.9148436188697815
ka	0.9427297711372375
ka	0.9412069320678711
ka	0.9872241616249084
ka	0.893893837928772
ka	0.9746517539024353
ka	1.0000169277191162
ka	0.9931108951568604
ka	0.9905015230178833
ka	0.9881244897842407
ka	0.6049944758415222
uz	0.3466618061065674
xmf	0.3198414444923401
ka	0.9992362856864929
ka	0.9870845079421997
ka	0.45412716269493103
ka	0.9968174695968628
ka	0.994658887386322
ka	0.99660325050354
ka	0.9981110692024231
ka	0.5428076982498169
ka	0.9864075183868408
ka	0.9430679082870483
ka	0.9980362057685852
ka	0.9896119832992554
ka	0.9995920658111572
ka	0.9982835054397583
ka	0.9911288619041443
ka	0.9006074070930481
ka	0.5908204913139343
uz	0.19831077754497528
ka	0.9992498159408569
ka	0.9924609661102295
ka	0.9529322385787964
ka	0.987043559551239
ka	0.49865594506263733
ka	0.9982090592384338
ka	0.9635552167892456
xmf	0.8239634037017822
ka	0.9657338857650757
ka	0.9754900932312012
ka	0.9938164353370667
ka	0.9919476509094238
ka	0.5731102824211121
ka	0.9891048073768616
ka	0.9856687188148499
ka	0.9702898859977722
ka	0.9665569067001343
ka	0.9710583686828613
ka	0.9785626530647278
ka	0.9427236318588257
ka	0.9203974008560181
ka	0.9178973436355591
ka	0.999713122844696
ka	0.9997795820236206
ka	0.9960610866546631
ka	0.999713122844696
ka	0.998513400554657
ka	0.8109046220779419
ka	0.998513400554657
ka	0.9875425696372986
ka	0.9996204972267151
ka	0.9994556307792664
ka	0.9990110397338867
ka	0.9990166425704956
ka	0.998978853225708
ka	0.9766827821731567
ka	0.997459888458252
ka	0.9996092915534973
ka	0.9996308088302612
ka	1.000004529953003
ka	0.9999978542327881
ka	0.9997093081474304
ka	0.9981971979141235
ka	0.969998300075531
ka	0.9999984502792358
ka	0.9997683167457581
ka	0.9999226331710815
ka	0.993112325668335
ka	0.999671995639801
ka	0.9991185665130615
ka	0.9974385499954224
ka	1.0000399351119995
ka	1.0000708103179932
ka	0.9999147057533264
ka	0.9998246431350708
ka	0.9993840456008911
ka	0.9942273497581482
ka	0.9999973773956299
ka	0.9999879598617554
ka	0.9999879598617554
ka	1.0000413656234741
ka	1.000016689300537
ka	0.9976521730422974
ka	0.9970877766609192
ka	0.99802166223526
ka	0.9995539784431458
ka	0.9994694590568542
ka	1.0000665187835693
ka	0.9993318915367126
ka	0.9991503953933716
ka	0.997793972492218
ka	0.9983516335487366
ka	0.9983442425727844
ka	0.9966338276863098
ka	1.0000590085983276
ka	0.9999117851257324
ka	0.9990190863609314
ka	0.9998382925987244
ka	0.9981915950775146
ka	1.0000228881835938
ka	0.9980595707893372
ka	0.9983277916908264
ka	0.995932400226593
ka	0.9999944567680359
ka	0.9736261963844299
ka	0.9996764659881592
ka	0.9984140396118164
ka	0.9997935891151428
ka	0.998210608959198
ka	0.9973301291465759
ka	0.9997698068618774
ka	1.0000226497650146
ka	1.000037670135498
ka	1.0000466108322144
ka	0.9996521472930908
ka	0.9989932179450989
ka	1.0000356435775757
ka	0.9989334940910339
ka	0.998866617679596
ka	0.9996164441108704
ka	0.9962349534034729
ka	0.9999810457229614
ka	0.9311402440071106
ka	0.9996944069862366
ka	1.0000406503677368
ka	0.9989269375801086
ka	0.9995999932289124
ka	0.9996760487556458
ka	1.0000391006469727
ka	0.9999482035636902
ka	0.99946528673172
ka	0.9849721789360046
ka	0.9997529983520508
ka	0.999908983707428
ka	0.999426543712616
ka	0.9999312162399292
ka	0.9989680647850037
ka	0.9997255802154541
ka	0.9996442794799805
ka	0.9998679757118225
ka	0.9997274875640869
ka	0.9973056316375732
ka	0.9992344379425049
ka	0.9998407363891602
ka	0.971184492111206
ka	0.9988946318626404
ka	1.0000689029693604
ka	0.9998061060905457
ka	0.9974414706230164
ka	1.000056505203247
ka	0.9999252557754517
ka	1.0000178813934326
ka	1.0000178813934326
ka	0.9999880790710449
ka	0.9993519186973572
ka	0.9997924566268921
ka	0.9988502264022827
ka	0.9902929663658142
ka	0.995891809463501
ka	0.9902929663658142
ka	0.9980303645133972
ka	0.9982542395591736
ka	0.7779656648635864
ka	0.9812561273574829
ka	0.9998816251754761
ka	0.9979858994483948
ka	1.0000454187393188
ka	0.9988912343978882
ka	0.9998878240585327
ka	0.9805794358253479
ka	0.9999135732650757
ka	0.9969916343688965
ka	0.9998325705528259
ka	0.9980428218841553
ka	0.9945740699768066
ka	0.9727102518081665
ka	0.9942348599433899
ka	1.0000524520874023
ka	0.874341607093811
ka	0.38319137692451477
ka	0.9779157042503357
ka	0.9388776421546936
xmf	0.8942515254020691
ka	0.9570194482803345
ka	0.950096845626831
ka	0.5493136644363403
ka	0.9687387347221375
ka	0.9677882194519043
ka	0.996537983417511
ka	0.9998683929443359
ka	0.991266131401062
ka	0.9834206700325012
ka	0.9866189956665039
ka	0.9942958950996399
ka	0.8207324147224426
ka	0.8939942717552185
ka	0.9987948536872864
ka	0.660068690776825
ka	0.9846352934837341
ka	0.9979795217514038
ka	0.999430775642395
ka	0.9999380111694336
ka	0.9964533448219299
ka	0.9998462796211243
ka	0.9999639391899109
ka	1.0000792741775513
ka	0.9991670250892639
ka	0.9999397397041321
ka	1.000075101852417
ka	0.9974801540374756
ka	0.9999456405639648
ka	0.9999547004699707
ka	0.9961601495742798
ka	1.0000710487365723
ka	1.0000720024108887
ka	0.9999752640724182
ka	0.9995202422142029
ka	0.9972929358482361
ka	1.0000773668289185
ka	0.9989369511604309
ka	0.9981449842453003
ka	1.0000572204589844
ka	0.9992400407791138
ka	0.9999933242797852
ka	1.000020980834961
ka	0.9993730783462524
ka	1.0000587701797485
ka	0.9986857771873474
ka	0.9998193979263306
ka	0.999995231628418
ka	0.9807665944099426
ka	1.0000790357589722
ka	1.000073790550232
ka	1.0000578165054321
ka	0.9995554089546204
ka	0.996185302734375
ka	1.000022053718567
ka	0.9811148643493652
ka	0.999731183052063
ka	0.9999946355819702
ka	1.0000187158584595
ka	0.9925879240036011
ka	0.9972407221794128
ka	0.9990097880363464
ka	0.9999627470970154
ka	0.9996303915977478
ka	0.9968255758285522
ka	0.9999880194664001
ka	0.9752509593963623
ka	0.9999753832817078
ka	0.989957332611084
ka	0.9945755004882812
ka	0.9999374151229858
ka	0.9990196228027344
ka	0.9977138042449951
ka	0.9943364262580872
ka	1.0000189542770386
ka	0.9944015741348267
ka	0.9860185980796814
ka	0.9991118907928467
ka	0.999970555305481
ka	0.997903048992157
ka	0.9526476263999939
ka	1.0000112056732178
ka	0.9987916946411133
ka	1.0000543594360352
ka	1.000017762184143
ka	0.9966127276420593
ka	0.9959442615509033
ka	0.9999538660049438
ka	1.0000572204589844
ka	0.9964191317558289
ka	0.9975588917732239
ka	0.9992014169692993
ka	0.8221946954727173
ka	0.9973642826080322
ka	0.9999704360961914
ka	0.9962900280952454
ka	1.0000325441360474
ka	0.9969702959060669
ka	1.0000689029693604
ka	0.9976308941841125
ka	0.9986251592636108
ka	0.9958045482635498
ka	0.9950169324874878
ka	0.9939008355140686
ka	0.9960553050041199
ka	0.9998695254325867
ka	0.9997393488883972
ka	1.0000107288360596
ka	0.9994727969169617
ka	0.9994986653327942
ka	0.9983630180358887
ka	0.9995145797729492
ka	1.000038504600525
ka	1.0000618696212769
ka	0.9999277591705322
ka	0.998978853225708
ka	0.9997519254684448
ka	0.9988223314285278
ka	0.9996241927146912
ka	1.0000396966934204
ka	0.9990298748016357
ka	0.9859995245933533
ka	0.9976955056190491
ka	0.9995913505554199
ka	0.9110980033874512
ka	0.9894466996192932
ka	0.9950663447380066
ka	0.9995842576026917
ka	0.999738335609436
ka	0.996694028377533
ka	0.9911341667175293
ka	0.9967328310012817
ka	1.0000799894332886
ka	0.9434044361114502
ka	0.9999375343322754
ka	0.9986955523490906
ka	0.9764906764030457
ka	0.9999897480010986
ka	0.9996719360351562
ka	0.9996749758720398
ka	0.9999390840530396
ka	0.9999875426292419
ka	0.9998948574066162
ka	0.8395195007324219
ka	0.9926727414131165
ka	0.991634726524353
ka	0.9997355937957764
ka	0.9920529127120972
ka	0.9997206926345825
ka	0.9985060691833496
ka	0.9999668002128601
ka	0.9964629411697388
ka	0.9993373155593872
ka	0.998183012008667
ka	0.9996223449707031
ka	0.9962173700332642
ka	0.95738285779953
ka	0.95738285779953
ka	0.95738285779953
ka	0.9971553683280945
ka	0.9996591806411743
ka	0.9994582533836365
ka	0.996030867099762
ka	0.9991441369056702
ka	0.9983166456222534
ka	0.9994571208953857
ka	0.985641360282898
ka	0.9992920160293579
ka	0.9976847767829895
ka	0.990504264831543
ka	1.0000079870224
ka	0.9997807145118713
ka	0.9975125193595886
ka	0.9994706511497498
ka	1.0000451803207397
ka	0.9957097768783569
ka	0.9996838569641113
ka	0.9990740418434143
ka	0.9999745488166809
ka	1.0000673532485962
ka	1.0000121593475342
ka	1.0000346899032593
ka	0.9997798800468445
ka	0.9995388984680176
ka	0.9993066191673279
ka	0.9999307990074158
ka	0.9997883439064026
ka	0.9908178448677063
ka	0.9939985275268555
ka	0.9996094107627869
ka	0.997955322265625
ka	0.9997279644012451
ka	0.9986022114753723
ka	0.9942620396614075
ka	0.9992431402206421
ka	0.9991312623023987
ka	0.9977232217788696
ka	0.9999743103981018
ka	0.999626100063324
ka	0.9999389052391052
ka	0.9991147518157959
ka	0.9996356964111328
ka	0.9945757985115051
ka	1.0000284910202026
ka	0.9965111017227173
ka	0.9999468922615051
ka	0.9997275471687317
ka	0.9993665218353271
ka	1.0000077486038208
ka	1.0000722408294678
ka	0.9999914765357971
ka	0.9982879161834717
ka	0.9998741745948792
ka	1.0000724792480469
ka	0.9916738867759705
ka	0.9967042207717896
ka	1.0000262260437012
ka	1.00007963180542
ka	0.9997196197509766
ka	0.987610399723053
ka	0.9973573684692383
ka	0.9976695775985718
ka	0.999712347984314
ka	0.9972586035728455
ka	1.0000377893447876
ka	0.9982848167419434
ka	0.9982410669326782
ka	0.9976568818092346
ka	0.9996718764305115
ka	0.9558301568031311
ka	0.9989182353019714
ka	0.9994685053825378
ka	0.9999421834945679
ka	1.0000343322753906
ka	0.9770746231079102
ka	0.9998523592948914
ka	0.9998024106025696
ka	0.9999626278877258
ka	0.9998568296432495
ka	0.9998807311058044
ka	0.999066174030304
ka	1.0000685453414917
ka	0.9908670783042908
ka	1.000076174736023
ka	0.9974572062492371
ka	0.9916650056838989
ka	0.989737331867218
ka	0.9993681311607361
ka	0.999297559261322
ka	0.9998911619186401
ka	0.9812527298927307
ka	0.9996345043182373
ka	0.99757981300354
ka	0.9984924793243408
ka	0.9990546107292175
ka	0.993683934211731
ka	0.9930465817451477
ka	0.9991618394851685
ka	0.9996985793113708
ka	0.9975836277008057
ka	0.9985924959182739
ka	0.9998477101325989
ka	0.9930827021598816
ka	0.9991854429244995
ka	0.9982824325561523
ka	0.996858537197113
ka	0.9990652799606323
ka	0.9816980361938477
ka	0.9992392063140869
ka	0.9999748468399048
ka	0.9953542947769165
ka	0.9962911605834961
ka	0.9998757839202881
ka	1.0000475645065308
ka	0.986869752407074
ka	1.0000373125076294
ka	0.9998253583908081
ka	0.9989932775497437
ka	0.9266353845596313
ka	0.9999598264694214
ka	1.0000489950180054
ka	1.000038504600525
ka	1.0000427961349487
ka	0.9990509748458862
ka	0.9994615912437439
ka	0.9941020011901855
ka	0.9998180866241455
ka	0.9997488260269165
ka	0.9930676221847534
ka	0.9957123398780823
ka	1.0000649690628052
ka	0.9999889731407166
ka	1.000043511390686
ka	0.9748767018318176
ka	0.9378633499145508
ka	0.9991831183433533
ka	0.9999716877937317
ka	0.9997939467430115
ka	1.0000008344650269
ka	0.99554443359375
ka	0.9998298287391663
ka	1.0000567436218262
ka	1.0000691413879395
ka	0.9994862675666809
ka	0.999430775642395
ka	0.9999365210533142
ka	0.9968588352203369
ka	0.9985796809196472
ka	0.9993528723716736
ka	0.9981868267059326
ka	0.9987615346908569
ka	0.9958253502845764
ka	1.0000187158584595
ka	0.9985984563827515
ka	0.9972351789474487
ka	1.000030279159546
ka	0.9995205998420715
ka	0.999117374420166
ka	0.9970132112503052
ka	0.9990768432617188
ka	0.9964613318443298
ka	0.9997685551643372
ka	1.0000323057174683
ka	0.9987396597862244
ka	0.9996499419212341
ka	0.9953303933143616
ka	0.9995021224021912
ka	0.999904215335846
ka	0.9690458178520203
ka	0.9991750717163086
ka	0.9926437139511108
ka	0.999749481678009
ka	0.9993770122528076
ka	0.9962769150733948
ka	0.9894350171089172
ka	0.995537281036377
ka	0.9998140335083008
ka	0.9997620582580566
ka	1.000053882598877
ka	0.9985012412071228
ka	0.9945650696754456
ka	0.9936837553977966
ka	0.9996396899223328
ka	0.9996001124382019
ka	0.9989588856697083
ka	1.0000616312026978
ka	0.9997350573539734
ka	0.9987531900405884
ka	0.9995307326316833
ka	0.9999801516532898
ka	0.9933815598487854
ka	0.998911440372467
ka	0.9991390705108643
ka	1.0000759363174438
ka	0.9998217821121216
ka	0.9997025728225708
ka	0.9985789656639099
ka	0.9925322532653809
ka	0.9918703436851501
ka	0.9993184208869934
ka	0.9988530874252319
ka	0.9998518228530884
ka	0.999539852142334
ka	0.9506139755249023
ka	0.9999438524246216
ka	1.0000410079956055
ka	0.9992541670799255
ka	0.9974095821380615
ka	1.0000183582305908
ka	0.9999868273735046
ka	0.9997563362121582
ka	0.9989259243011475
ka	1.0000108480453491
ka	0.9016255140304565
ka	0.9970375895500183
ka	0.9960363507270813
ka	0.999370276927948
ka	0.9992392063140869
ka	0.9987497925758362
ka	1.0000123977661133
ka	1.0000205039978027
ka	0.9997275471687317
ka	1.0000213384628296
ka	0.9997352957725525
ka	0.9767150282859802
ka	0.998378574848175
ka	0.9972999691963196
ka	1.0000672340393066
ka	0.9994162321090698
ka	1.0000190734863281
ka	1.0000165700912476
ka	0.9875532388687134
ka	0.9979143142700195
ka	0.9998920559883118
ka	0.9811732172966003
ka	0.9988834857940674
ka	0.9830169081687927
ka	0.9987132549285889
ka	0.999372661113739
ka	0.9999196529388428
ka	0.9986907839775085
ka	1.00002920627594
ka	0.9987185001373291
ka	1.0000755786895752
ka	1.0000743865966797
ka	0.9941635727882385
ka	1.0000663995742798
ka	1.0000252723693848
ka	0.9988675713539124
ka	1.0000544786453247
ka	0.9906516075134277
ka	0.9998911619186401
ka	0.9950535893440247
ka	0.9992253184318542
ka	0.9989890456199646
ka	0.9997488260269165
ka	0.9964041113853455
ka	0.9974133968353271
ka	0.9992284774780273
ka	0.9940471649169922
ka	1.0000629425048828
ka	0.9979087114334106
ka	0.9991703033447266
ka	0.9998400211334229
ka	1.0000534057617188
ka	0.9993541240692139
ka	0.999882161617279
ka	0.9818868637084961
ka	1.0000615119934082
ka	0.9999580383300781
ka	0.9999133348464966
ka	0.9966369271278381
ka	0.9999610185623169
ka	0.9987310767173767
ka	1.0000419616699219
ka	0.9975038170814514
ka	0.9999405741691589
ka	0.9997168779373169
ka	0.999948263168335
ka	0.9992520213127136
ka	0.9999666213989258
ka	0.9612327814102173
ka	0.9683822393417358
ka	0.9916375279426575
ka	0.9925359487533569
ka	0.9316146969795227
ka	0.9523221254348755
ka	0.8909562230110168
ka	0.9405596852302551
ka	0.9968078136444092
ka	0.9964209198951721
ka	0.9834694862365723
ka	0.9859504699707031
ka	0.9060653448104858
ka	0.9936859011650085
ka	0.9999591112136841
ka	0.9510347843170166
ka	0.9936835765838623
ka	0.9915717840194702
ka	0.9352881908416748
ka	0.8194560408592224
xmf	0.5658106803894043
ka	0.9860877990722656
ka	0.9560093283653259
ka	0.9975548386573792
ka	0.982120931148529
ka	0.9908759593963623
et	0.36556681990623474
ka	0.9971877932548523
ka	0.9189502000808716
ka	0.9440284371376038
ka	0.9464573264122009
ka	0.9897839426994324
ka	0.9427297711372375
ka	0.8781193494796753
ka	0.993278443813324
ka	0.9628034830093384
ka	0.9987894892692566
ka	0.9992616772651672
ka	0.9562689065933228
ka	0.9998967051506042
ka	0.9896256327629089
ka	0.9980013370513916
xmf	0.7860592603683472
ka	0.933258056640625
ka	0.9969604015350342
ka	0.9729906916618347
ka	0.8249119520187378
ka	0.7206897139549255
ka	0.9998666644096375
ka	0.9913503527641296
ka	0.9999006390571594
ka	0.3998243808746338
ka	0.8803711533546448
ka	0.9386038184165955
ka	0.9520407915115356
ka	0.9662989974021912
ka	0.9637264013290405
ka	0.997565507888794
ka	0.8679391741752625
ka	0.9915187954902649
ka	0.5607786178588867
ka	0.9997563362121582
ka	0.9903432726860046
ka	0.9573215842247009
xmf	0.9407880306243896
xmf	0.8686150312423706
ka	0.9977799654006958
ka	0.6710426807403564
uz	0.3099616467952728
ka	0.9966180920600891
ka	0.5112484097480774
ka	0.9841728806495667
ka	0.8927566409111023
ka	0.9848450422286987
xmf	0.6494271159172058
ka	0.47457095980644226
ka	0.9990170001983643
ka	0.9621508121490479
ka	0.9473536610603333
ka	0.9144298434257507
ka	0.8087186217308044
ka	0.7824395895004272
ka	0.9903968572616577
ka	0.9858657717704773
ka	0.7024804949760437
ka	0.9941937923431396
ka	1.0000009536743164
ka	0.8991689682006836
ka	0.9720108509063721
ka	0.9991117715835571
ka	0.7496951818466187
ka	0.9964772462844849
ka	0.885031521320343
ka	0.9728029370307922
ka	0.8553581237792969
ka	0.9078382849693298
ka	0.8805376291275024
ka	0.9983646273612976
ka	0.9651443362236023
ka	0.7550705075263977
ka	0.971872866153717
ka	0.9953324794769287
ka	0.9240099191665649
ka	0.9424615502357483
ka	0.9941083788871765
ka	0.9886341094970703
ka	0.8836091160774231
ka	0.9701032638549805
ka	0.7920346260070801
ka	0.9988208413124084
ka	0.9949459433555603
ka	0.8190036416053772
ka	0.5915215015411377
ka	0.9964519143104553
ka	0.8208715915679932
ka	0.7581775784492493
ka	1.000024676322937
ka	0.9950289726257324
ka	0.9808785915374756
ka	0.9165018200874329
ka	0.9835368394851685
ka	0.9994707703590393
ka	0.9897839426994324
ka	0.890389621257782
ka	0.9850785732269287
ka	0.9940385818481445
ka	0.9996986389160156
ka	0.9795507788658142
ka	1.0000009536743164
ka	0.999199628829956
ja	0.8433206081390381
ka	0.9708327054977417
ka	0.8553581237792969
ka	0.9997809529304504
ka	0.9998363256454468
ka	0.9767624735832214
ka	0.9594927430152893
ka	0.9843307733535767
ka	0.9964486956596375
ka	0.7073590755462646
ka	0.9386502504348755
ka	0.9950169324874878
ka	0.9937032461166382
ka	0.9991283416748047
ka	1.000076413154602
ka	1.0000526905059814
ka	0.9950878620147705
ka	1.0000345706939697
ka	0.9999812841415405
ka	0.9956773519515991
ka	0.9998996257781982
ka	0.9989243745803833
ka	0.9997872710227966
ka	0.9999988079071045
ka	0.9998058676719666
ka	0.9979497790336609
ka	0.9964297413825989
ka	0.9995004534721375
ka	0.9991775751113892
ka	0.995323896408081
ka	0.9964087605476379
ka	0.9995246529579163
ka	0.9995971918106079
ka	0.9997830986976624
ka	0.9912727475166321
ka	0.9916182160377502
ka	1.0000723600387573
ka	1.0000466108322144
ka	0.9971868991851807
ka	1.0000725984573364
ka	0.9988373517990112
ka	0.9991907477378845
ka	0.9998455047607422
ka	0.985633909702301
ka	0.9998438358306885
ka	0.9987058639526367
ka	0.9995871782302856
ka	0.9982684254646301
ka	1.0000579357147217
ka	0.9986772537231445
ka	1.0000405311584473
ka	0.9997829794883728
ka	0.9966574907302856
ka	0.9979872703552246
ka	0.999946117401123
ka	0.9881219863891602
ka	0.9994083642959595
ka	1.0000571012496948
ka	1.0000102519989014
ka	0.9941834211349487
ka	0.9999896883964539
ka	0.9902344346046448
ka	1.0000749826431274
ka	0.9856629371643066
ka	0.9999866485595703
ka	0.9999823570251465
ka	1.0000585317611694
ka	1.000063180923462
ka	0.9972252249717712
ka	0.9999055862426758
ka	0.9997981786727905
ka	1.0000277757644653
ka	0.9999368190765381
ka	1.000062108039856
ka	0.9678927063941956
ka	0.9995525479316711
ka	0.9943104386329651
ka	0.9982871413230896
ka	0.9996841549873352
ka	0.998730480670929
ka	0.9997962117195129
ka	0.9966598153114319
ka	0.9987737536430359
ka	0.9993121027946472
ka	0.9999930262565613
ka	0.9940302968025208
ka	0.996756374835968
ka	0.9979906678199768
ka	0.9878559112548828
ka	0.9999348521232605
ka	0.9999521970748901
ka	1.0000745058059692
ka	0.9976822733879089
ka	0.9996665716171265
ka	1.0000449419021606
ka	0.9999669790267944
ka	1.0000760555267334
ka	0.999592661857605
ka	0.9992529153823853
ka	0.9972102642059326
ka	0.9998331665992737
ka	0.9962986707687378
ka	0.9741163849830627
ka	0.9992148280143738
ka	1.0000054836273193
ka	0.9975383877754211
ka	0.9993254542350769
ka	0.9999479651451111
ka	0.9993647336959839
ka	0.9999342560768127
ka	0.9828237891197205
ka	0.9999094009399414
ka	0.9971160888671875
ka	0.9450872540473938
ka	0.9996510744094849
ka	0.9998965859413147
ka	1.000044584274292
ka	0.999001145362854
ka	0.9998162984848022
ka	0.9881913065910339
ka	0.997344970703125
ka	1.000049114227295
ka	0.9999692440032959
ka	0.9983555674552917
ka	0.9996317625045776
ka	0.9985973834991455
ka	0.9994897842407227
ka	0.9933838844299316
ka	0.9914678335189819
ka	0.9995730519294739
ka	0.9901047945022583
ka	0.990685224533081
ka	0.9981575608253479
ka	0.9999658465385437
ka	0.9992051720619202
ka	1.00006902217865
ka	0.9998583793640137
ka	0.9996994137763977
ka	1.0000581741333008
ka	0.9689775705337524
ka	0.9996737241744995
ka	0.9997908473014832
ka	1.0000001192092896
ka	0.9999147653579712
ka	0.9998623132705688
ka	0.995074450969696
ka	0.9986453056335449
ka	0.9977811574935913
ka	0.999472975730896
ka	0.9987466335296631
ka	0.9943500757217407
ka	0.9890257120132446
ka	1.000073790550232
ka	0.9998243451118469
ka	0.9998146891593933
ka	0.9973798394203186
ka	0.9988106489181519
ka	0.9976605772972107
ka	0.9998316764831543
ka	1.0000548362731934
ka	0.9987543821334839
ka	0.9991704225540161
ka	0.9973462820053101
ka	0.9993487000465393
ka	0.9966987371444702
ka	0.9423824548721313
ka	0.9876165390014648
ka	0.9997188448905945
ka	0.999882161617279
ka	0.9998432397842407
ka	0.994533360004425
ka	0.9980080127716064
ka	0.9999161958694458
ka	1.0000721216201782
ka	0.9992674589157104
ka	0.9993144273757935
ka	0.9996100664138794
ka	0.9994795322418213
ka	0.8460418581962585
ka	0.9995521306991577
ka	0.9963598251342773
ka	0.9999282956123352
ka	0.9988756775856018
ka	0.9889837503433228
ka	0.9870254397392273
ka	0.9835211038589478
ka	1.000057339668274
ka	0.9977940320968628
ka	1.00002920627594
ka	0.9978023767471313
ka	0.9992521405220032
ka	1.0000015497207642
ka	0.9964773654937744
ka	0.9972840547561646
ka	0.9867751598358154
ka	0.9999955892562866
ka	0.9999262690544128
ka	0.9999110102653503
ka	0.9997886419296265
ka	0.9997832775115967
ka	0.9834994673728943
ka	0.9990077018737793
ka	0.9998751282691956
ka	0.9798466563224792
ka	0.9996275305747986
ka	0.9966089129447937
ka	1.0000500679016113
ka	0.9992690682411194
ka	0.9999118447303772
ka	0.9998235106468201
ka	0.999973475933075
ka	1.00005042552948
ka	0.9998342990875244
ka	0.9208723306655884
ka	1.0000739097595215
ka	0.9999858140945435
ka	0.996599555015564
ka	0.9999997615814209
ka	0.9968593716621399
ka	0.9968538284301758
ka	0.9997084140777588
ka	0.9928328990936279
ka	0.9999959468841553
ka	0.9997084140777588
ka	0.9860678911209106
ka	1.0000252723693848
ka	0.9952977895736694
ka	0.9996682405471802
ka	0.9977601170539856
ka	0.9761180877685547
ka	1.0000691413879395
ka	0.9978103041648865
ka	0.9991859793663025
ka	0.9977173805236816
ka	0.9938881397247314
ka	0.9998855590820312
ka	0.9998074769973755
ka	0.9950755834579468
ka	0.9999440908432007
ka	0.9998488426208496
ka	0.999634325504303
ka	1.0000653266906738
ka	0.9957708716392517
ka	0.9998416900634766
ka	0.9996353387832642
ka	0.9868126511573792
ka	0.9957391619682312
ka	0.9757750034332275
ka	0.9999946355819702
ka	0.998902440071106
ka	0.9998140931129456
ka	0.9997337460517883
ka	0.9977043867111206
ka	0.9941253662109375
ka	1.0000040531158447
ka	0.968474268913269
ka	0.997890055179596
ka	1.0000574588775635
ka	0.9998957514762878
ka	0.9991757273674011
ka	0.9956997036933899
ka	0.9999793171882629
ka	0.9996017217636108
ka	0.9999380111694336
ka	0.9975674748420715
ka	0.9994411468505859
ka	0.999885082244873
ka	1.0000100135803223
ka	0.9944388270378113
ka	0.9991954565048218
ka	0.999954879283905
ka	0.9974729418754578
ka	0.9997504949569702
ka	0.9995216727256775
ka	1.000042200088501
ka	0.9996021389961243
ka	1.0000454187393188
ka	0.9997705221176147
ka	0.9999661445617676
ka	0.9988223910331726
ka	0.9991787672042847
ka	0.999534547328949
ka	0.9999915361404419
ka	0.9998825192451477
ka	0.9752061367034912
ka	1.0000449419021606
ka	1.0000064373016357
ka	1.00002121925354
ka	0.99897700548172
ka	0.9983997941017151
ka	0.9985766410827637
ka	0.9997908473014832
ka	1.0000779628753662
ka	1.0000653266906738
ka	1.0000522136688232
ka	0.9938281774520874
ka	0.9971798658370972
ka	0.9999361038208008
ka	0.9975029230117798
ka	0.970698893070221
ka	0.9999879598617554
ka	0.9842836856842041
ka	0.9853082895278931
ka	0.9975017309188843
ka	0.9700201749801636
ka	0.9952250719070435
ka	0.9965074062347412
ka	0.989727258682251
ka	0.9983336925506592
ka	0.9989364147186279
ka	0.9977838397026062
ka	0.9987930655479431
ka	0.9936912059783936
ka	1.00006902217865
ka	0.9998987317085266
ka	0.9998379349708557
ka	0.9866725206375122
ka	0.999690055847168
ka	0.988941490650177
ka	0.9923946261405945
ka	0.9998997449874878
ka	0.995987057685852
ka	0.9844380617141724
ka	0.9996026158332825
ka	1.000077247619629
ka	0.9944363832473755
ka	0.9979603290557861
ka	0.9982786774635315
ka	0.998997151851654
ka	0.9984985589981079
ka	0.9976810216903687
ka	0.9999288320541382
ka	0.9999777674674988
ka	0.9862695336341858
ka	1.0000722408294678
ka	1.0000431537628174
ka	0.9994156360626221
ka	0.995648980140686
ka	0.9987660050392151
ka	1.0000587701797485
ka	0.9995631575584412
ka	0.999851644039154
ka	1.0000399351119995
ka	0.9991697669029236
ka	0.99996018409729
ka	0.9966683387756348
ka	0.9996495246887207
ka	1.000041127204895
ka	0.9948253631591797
ka	0.997728168964386
ka	0.9978711605072021
ka	0.9828559756278992
ka	0.9996870756149292
ka	0.9996917247772217
ka	0.99957275390625
ka	0.9999697804450989
ka	0.9999819993972778
ka	0.9999268054962158
ka	0.9997431635856628
ka	0.9996707439422607
ka	0.989772617816925
ka	0.9947596788406372
ka	0.999714732170105
ka	0.99986332654953
ka	0.9970977902412415
ka	0.9981133937835693
ka	1.0000786781311035
ka	0.9997868537902832
ka	0.9980946779251099
ka	0.9988899827003479
ka	1.0000745058059692
ka	0.9995664358139038
ka	1.0000503063201904
ka	0.9983291029930115
ka	0.9999176263809204
ka	0.9998852014541626
ka	0.9997464418411255
ka	0.9998851418495178
ka	0.9998086094856262
ka	0.9962780475616455
ka	0.9999275803565979
ka	0.9891918301582336
ka	0.9988939166069031
ka	0.9990273714065552
ka	1.000002145767212
ka	0.9996756911277771
ka	0.9952864646911621
ka	1.0000739097595215
ka	0.9925497770309448
ka	0.9994367957115173
ka	0.9990328550338745
ka	0.9618873000144958
ka	0.9999366998672485
ka	0.9965906739234924
ka	0.9996494650840759
ka	0.9998160600662231
ka	0.9926922917366028
ka	0.9407528042793274
ka	0.9999598264694214
ka	0.9999093413352966
ka	0.9526752233505249
ka	0.9980756640434265
ka	0.9240797758102417
ka	0.9988945126533508
ka	0.9998774528503418
ka	0.9995378851890564
ka	0.9877813458442688
ka	0.9819222688674927
ka	0.9848100543022156
ka	0.9997013211250305
ka	0.9981349110603333
ka	0.9922438263893127
ka	0.9983692169189453
ka	0.9997760057449341
ka	0.9971811175346375
ka	0.9995319247245789
ka	1.0000678300857544
ka	0.996731162071228
ka	1.0000439882278442
ka	0.9939855337142944
ka	0.9949923157691956
ka	0.9997656941413879
ka	0.9999825358390808
ka	1.000016450881958
ka	0.9993395805358887
ka	0.9996662139892578
ka	1.0000286102294922
ka	0.9992555379867554
ka	0.9981922507286072
ka	0.9901862740516663
ka	0.999418318271637
ka	0.999413013458252
ka	0.999931275844574
ka	0.9993968605995178
ka	1.0000314712524414
ka	0.9992827773094177
ka	0.9995438456535339
ka	0.9986164569854736
ka	0.999640941619873
ka	0.9997209906578064
ka	0.9998308420181274
ka	0.9999477863311768
ka	0.9621304869651794
ka	0.9978918433189392
xmf	0.8727169036865234
ka	0.9999029636383057
ka	0.9962975978851318
ka	0.9992753267288208
ka	0.9904487133026123
ka	0.9993107318878174
ka	0.9991231560707092
ka	0.998625636100769
ka	1.0000332593917847
ka	0.9977670311927795
ka	0.9999872446060181
ka	0.8504716157913208
ka	0.9998770356178284
ka	0.9867129921913147
ka	0.981918454170227
ka	0.9931312799453735
ka	0.9981755018234253
ka	0.9975639581680298
ka	0.9986089468002319
ka	0.9997572898864746
ka	0.8641881346702576
ka	0.9976367950439453
ka	0.999247670173645
ka	0.995969831943512
ka	1.0000426769256592
ka	1.0000451803207397
ka	0.9891214370727539
ka	1.000071406364441
ka	1.0000687837600708
ka	0.9996902346611023
ka	0.9983771443367004
ka	1.000077247619629
ka	0.9972718954086304
ka	0.9997079372406006
ka	1.000072717666626
ka	1.000075340270996
ka	0.9950966835021973
ka	0.9991220831871033
ka	0.9997336268424988
ka	0.9975215792655945
ka	0.9999170899391174
ka	0.9994730353355408
ka	0.9619475603103638
ka	0.956675112247467
ka	0.9994960427284241
ka	0.9999669790267944
ka	0.9995118975639343
ka	0.9976810216903687
ka	0.9954869151115417
ka	1.0000263452529907
ka	0.9968380331993103
ka	0.9986724257469177
ka	0.9995077252388
ka	0.998223602771759
ka	0.9908144474029541
ka	1.0000721216201782
ka	0.9999781847000122
ka	0.9937379956245422
ka	0.999904215335846
ka	0.9981181621551514
ka	0.9997758269309998
ka	0.6331731677055359
ka	0.9936525821685791
ka	1.0000089406967163
ka	0.9997467398643494
ka	0.9993852972984314
ka	1.0000520944595337
ka	0.9999398589134216
ka	0.999173641204834
ka	1.000038981437683
ka	1.0000718832015991
ka	0.9997833967208862
ka	0.9980184435844421
ka	1.0000548362731934
ka	0.9958304762840271
ka	0.9981558322906494
ka	1.0000569820404053
ka	0.9596526026725769
ka	0.9999200105667114
ka	0.9988158345222473
ka	0.9987255930900574
ka	0.9999550580978394
ka	0.9869740009307861
ka	0.9986484050750732
ka	0.9959447383880615
ka	0.9999872446060181
ka	0.999462902545929
ka	0.9999591708183289
ka	0.9984849691390991
ka	0.9993303418159485
ka	0.9967859983444214
ka	0.9993822574615479
ka	0.9850144982337952
ka	0.9999321699142456
ka	0.9997945427894592
ka	0.9992197751998901
ka	0.9947696328163147
ka	0.9949996471405029
ka	0.9999448657035828
ka	0.9983431696891785
ka	0.9999174475669861
ka	0.9963572025299072
ka	1.0000747442245483
ka	0.9605990648269653
ka	1.0000779628753662
ka	0.9963098764419556
ka	0.9948615431785583
ka	0.999711811542511
ka	0.9998923540115356
ka	0.9999704957008362
ka	1.0000534057617188
ka	0.9997747540473938
ka	0.9987175464630127
ka	0.9999386072158813
ka	0.9810382723808289
ka	0.9993113875389099
ka	0.9994856119155884
ka	0.9986081123352051
ka	1.0000779628753662
ka	1.000003695487976
ka	0.9989088177680969
ka	1.000001311302185
ka	0.9993350505828857
ka	0.9996646046638489
ka	1.0000715255737305
ka	0.9999872446060181
ka	0.9995458126068115
ka	0.9988911747932434
ka	1.0000382661819458
ka	0.9998579621315002
ka	0.9998490214347839
ka	0.9982178211212158
ka	1.0000053644180298
ka	1.0000708103179932
ka	0.9994120597839355
ka	0.9904839992523193
ka	0.9956368803977966
ka	0.9979785680770874
ka	0.9997060894966125
ka	1.000071406364441
ka	0.9995571970939636
ka	0.9991276264190674
ka	0.9996926784515381
ka	1.0000191926956177
ka	0.9964291453361511
ka	0.9948945641517639
ka	0.9992707371711731
ka	1.0000592470169067
ka	0.9970139265060425
ka	0.9990323185920715
ka	0.9965223073959351
ka	0.9996498227119446
ka	0.9019646644592285
ka	0.9972352385520935
ka	1.0000042915344238
ka	0.9879013299942017
ka	1.0000724792480469
ka	1.000045657157898
ka	0.9995721578598022
ka	0.9953353404998779
ka	0.9949379563331604
ka	0.9907032251358032
ka	0.9984236359596252
ka	0.997212290763855
ka	0.9986941814422607
ka	0.9984486699104309
ka	0.9974063038825989
ka	0.9949711561203003
ka	0.9814358353614807
ka	0.9950283169746399
ka	0.9990375638008118
ka	0.9965578317642212
ka	0.9995426535606384
ka	0.9999847412109375
ka	0.9916435480117798
ka	0.9998288154602051
ka	0.9993953704833984
ka	0.9989849328994751
ka	1.0000669956207275
ka	0.9987839460372925
ka	1.0000115633010864
ka	0.9990333914756775
ka	0.9999222755432129
ka	0.9977871775627136
ka	0.9955514073371887
ka	1.0000736713409424
ka	0.9941455721855164
ka	0.9997758865356445
ka	0.9997935891151428
ka	0.9997965693473816
ka	0.999920666217804
ka	0.9890959858894348
ka	0.9837861061096191
ka	0.9999425411224365
ka	0.9972907304763794
ka	0.9979127049446106
ka	0.9999458193778992
ka	0.9999744892120361
ka	0.9999635219573975
ka	0.9544870257377625
ka	0.999756932258606
ka	0.9998005032539368
ka	0.9998235106468201
ka	0.999764084815979
ka	1.0000617504119873
ka	0.9967477917671204
ka	0.9977673888206482
ka	1.0000165700912476
ka	0.975153386592865
ka	0.9982022643089294
ka	0.9048777222633362
ka	0.9998658895492554
ka	1.000044822692871
ka	0.9981158375740051
ka	0.9999179244041443
ka	1.0000463724136353
ka	0.9997469186782837
ka	0.9759131073951721
ka	1.000013828277588
ka	0.9993187189102173
ka	0.9996310472488403
ka	0.9997650384902954
ka	0.9998510479927063
ka	0.998526394367218
ka	0.9934922456741333
ka	0.9918553233146667
ka	0.9979729056358337
ka	0.9999558329582214
ka	1.0000410079956055
ka	0.9876921772956848
ka	0.9989812970161438
ka	0.9991291165351868
ka	0.9997238516807556
ka	0.9995583891868591
ka	0.9991873502731323
ka	0.9979850649833679
ka	1.0000686645507812
ka	0.9999504089355469
ka	0.9997681379318237
ka	0.999776303768158
ka	0.9997918009757996
ka	0.9970930218696594
ka	0.9989653825759888
ka	1.000062108039856
ka	1.0000488758087158
ka	0.9986972212791443
ka	0.7752100229263306
ka	0.9998756051063538
ka	0.982342004776001
ka	1.000054121017456
ka	0.9999191761016846
ka	0.9997982382774353
ka	0.9974720478057861
ka	0.9992390275001526
ka	0.9996908903121948
ka	0.996773362159729
ka	0.9989030957221985
ka	0.9818794131278992
ka	0.9999525547027588
ka	0.9986417889595032
ka	1.0000483989715576
ka	1.000051736831665
ka	0.9302301406860352
ka	0.9998900890350342
ka	0.9998235702514648
ka	0.9846476316452026
ka	0.9985914826393127
ka	0.9998047947883606
ka	0.9990633130073547
ka	0.9583793878555298
ka	0.9992910623550415
ka	0.9996678829193115
ka	0.9929393529891968
ka	0.997878909111023
ka	0.9999163746833801
ka	0.9926824569702148
ka	0.999090313911438
ka	0.9886578321456909
ka	0.9995786547660828
ka	1.000044584274292
ka	0.9999448657035828
ka	0.9994398951530457
ka	0.9938413500785828
ka	0.9550965428352356
ka	0.9997810125350952
ka	0.9995927214622498
ka	0.9996832013130188
ka	0.9881132245063782
ka	0.9995019435882568
ka	0.9999277591705322
ka	0.9988130927085876
ka	1.0000735521316528
ka	0.9998658895492554
ka	0.9985349774360657
ka	0.9957119226455688
ka	0.9639461040496826
ka	0.9994286894798279
ka	0.9999800324440002
ka	0.9999275803565979
ka	0.9990940093994141
ka	0.9991891384124756
ka	0.9995362758636475
ka	0.9936317205429077
ka	0.9999849200248718
ka	0.9991768598556519
ka	0.9999918341636658
ka	0.9839549660682678
ka	0.9973878264427185
ka	0.9998592734336853
ka	1.000067114830017
ka	0.9997837543487549
ka	0.9881716370582581
ka	1.000036358833313
ka	0.9984880089759827
ka	1.00005304813385
ka	0.9977656006813049
ka	0.998960554599762
ka	1.000000238418579
ka	0.9820001125335693
ka	0.9976353049278259
ka	0.9998087882995605
ka	0.9998940229415894
ka	0.9998995065689087
ka	0.9995885491371155
ka	1.0000282526016235
ka	0.9943804144859314
ka	0.9801759719848633
ka	1.0000391006469727
ka	0.9991553425788879
ka	1.0000524520874023
ka	0.9990665316581726
ka	0.9997971653938293
ka	1.0000783205032349
ka	1.0000269412994385
ka	0.9986684918403625
ka	0.992841899394989
ka	0.9999734163284302
ka	1.0000791549682617
ka	0.9886122345924377
ka	0.9927870631217957
ka	0.9995949268341064
ka	0.9988561272621155
ka	0.9922058582305908
ka	0.9999455809593201
ka	0.9883192777633667
ka	0.9999884963035583
ka	0.9946233034133911
ka	0.9998754262924194
ka	0.9987941980361938
ka	0.9124751091003418
ka	0.9974662065505981
ka	0.9622107744216919
ka	0.9809521436691284
ka	0.997302234172821
ka	0.8739399313926697
ka	0.921904444694519
ka	0.5011675357818604
ka	0.9944573044776917
ka	0.9969966411590576
ka	0.9745522141456604
ka	0.9610702395439148
ka	0.9994562268257141
ka	0.9984399080276489
ka	0.9928846955299377
ka	0.9911288619041443
ka	0.6849433779716492
ka	0.998150110244751
ka	0.9975162148475647
ka	0.9811429381370544
ka	0.6127089262008667
ka	0.9917848110198975
ka	0.9076747894287109
ka	0.9918667078018188
ka	0.9938028454780579
ka	0.9915880560874939
ka	0.9798822402954102
ka	0.864757776260376
ka	0.99632728099823
ka	0.9763948917388916
ka	0.8772955536842346
ka	0.3792952001094818
ka	0.9634130001068115
ka	0.9599554538726807
xmf	0.9642119407653809
ka	0.999862015247345
ka	0.8628723621368408
ka	0.990153968334198
ka	0.9148436188697815
kk	0.7498037815093994
ka	0.9573352932929993
ka	0.9913508296012878
ka	0.9990527033805847
ka	0.9692574143409729
xmf	0.8828884363174438
ka	0.9922379851341248
ka	0.9521768093109131
ka	0.9778230786323547
ka	0.9778230786323547
ka	0.9948078989982605
ka	0.9924809336662292
ka	0.9964970350265503
ka	0.9965634942054749
ka	0.8107157945632935
ka	0.8873761296272278
ka	0.9994676113128662
ka	0.963895857334137
ka	0.9588829874992371
ka	0.9707854390144348
ka	0.9916375279426575
ka	0.9925359487533569
ka	0.9297782182693481
ka	0.8279417753219604
ka	0.9120627045631409
ka	0.3591664731502533
mn	0.15301913022994995
ka	0.9280312061309814
ka	0.8805376291275024
ka	0.8208375573158264
ka	0.9999545216560364
ka	0.9974961876869202
ka	0.9998931288719177
ka	0.9671704769134521
ka	0.6381320953369141
ka	0.95738285779953
ka	0.9766703844070435
ka	0.9998373985290527
ka	0.7636684775352478
ka	0.9462922811508179
gu	0.5761846303939819
ka	0.9301769733428955
ka	0.6049944758415222
ka	0.9991898536682129
xmf	0.7812730669975281
ka	0.8879481554031372
ka	0.9994520545005798
ka	0.931693971157074
ka	0.9997262954711914
ka	0.9991583824157715
ka	0.9322561621665955
ka	0.9968791007995605
ka	0.9956415891647339
ka	0.9967191815376282
ka	0.9999916553497314
ka	0.9995332956314087
ka	0.968214750289917
ka	0.9964096546173096
ka	0.9921853542327881
ka	0.9997746348381042
ka	0.992764413356781
ka	0.9926338791847229
ka	0.9999766945838928
ka	0.9993130564689636
ka	0.9999370574951172
ka	0.9981598258018494
ka	0.9996139407157898
ka	1.0000640153884888
ka	0.9527724981307983
ka	0.9995989203453064
ka	0.9984727501869202
ka	0.9977989792823792
ka	0.9979893565177917
ka	1.0000494718551636
ka	0.9994068145751953
ka	0.998762309551239
ka	1.000035285949707
ka	0.9994136691093445
ka	0.9203405380249023
ka	0.9921203851699829
ka	0.9760309457778931
ka	0.9968177676200867
ka	0.9967119097709656
ka	0.9999570250511169
ka	0.999567449092865
ka	0.9996756911277771
ka	0.9952094554901123
ka	0.9437704682350159
ka	0.999899685382843
ka	0.999899685382843
ka	0.9999315738677979
ka	0.9992303848266602
ka	0.9907857775688171
ka	0.9998417496681213
ka	0.9999361038208008
ka	0.7707242369651794
ka	0.8074549436569214
ka	0.9965852499008179
ka	0.9998400807380676
ka	0.665988564491272
ka	0.9990569353103638
ka	1.0000354051589966
ka	0.9962372779846191
ka	0.896935224533081
ka	0.9958594441413879
ka	0.996435284614563
ka	0.9993528127670288
ka	0.9996007084846497
ka	0.9995599389076233
ka	1.0000760555267334
ka	0.9995038509368896
ka	0.9997996687889099
ka	1.0000336170196533
ka	1.0000752210617065
ka	0.9997304081916809
ka	1.0000678300857544
ka	0.9981073141098022
ka	0.9957712888717651
ka	0.9896634221076965
ka	1.000033974647522
ka	0.9928457736968994
ka	0.999021053314209
ka	0.9988307952880859
ka	0.9358773827552795
ka	0.999706506729126
ka	0.9983277916908264
ka	0.9990910887718201
ka	0.999800443649292
ka	0.9993082284927368
ka	0.9999212026596069
ka	0.9805917739868164
ka	0.9997376799583435
ka	0.9980306029319763
ka	0.9881131649017334
ka	0.999471127986908
ka	0.9991372227668762
ka	0.9994882345199585
ka	0.9927462339401245
ka	1.000045657157898
ka	0.9988991022109985
ka	0.9971894025802612
ka	1.0000159740447998
ka	0.9970959424972534
ka	0.99747234582901
ka	0.9955579042434692
ka	0.9922428727149963
ka	1.0000438690185547
ka	1.000042200088501
ka	0.9994288682937622
ka	0.9994056820869446
ka	0.999546468257904
ka	0.9999765753746033
ka	1.0000637769699097
ka	0.9998586773872375
ka	0.9996795654296875
ka	0.999654233455658
ka	0.9994553327560425
ka	0.9985268712043762
ka	0.9996238350868225
ka	0.9994500279426575
ka	1.0000683069229126
ka	0.9914196133613586
ka	0.9999713897705078
ka	1.0000579357147217
ka	0.9998617768287659
ka	0.999843180179596
ka	0.9984710812568665
ka	0.9996359348297119
ka	0.9831599593162537
ka	0.9976250529289246
ka	0.9984993934631348
ka	0.9527043700218201
ka	0.9999765157699585
ka	0.9996761679649353
ka	0.9994849562644958
ka	0.999934196472168
ka	0.9951978325843811
ka	0.9987109899520874
ka	0.9938167929649353
ka	0.9825950860977173
ka	0.9670019149780273
ka	0.9985445141792297
ka	0.9973821640014648
ka	0.9892594814300537
ka	0.9998547434806824
ka	0.9179255366325378
ka	0.9999938011169434
ka	0.981360137462616
ka	0.9909487962722778
ka	0.8436567187309265
ka	0.9991691708564758
ka	1.0000056028366089
ka	0.9996065497398376
ka	0.9982578754425049
ka	0.9881014227867126
ka	1.000043272972107
ka	0.9994233250617981
ka	0.999783456325531
ka	0.9976834058761597
ka	0.9993282556533813
ka	1.0000630617141724
ka	1.0000598430633545
ka	0.9995959401130676
ka	1.0000488758087158
ka	1.0000550746917725
ka	0.999995768070221
ka	0.9998289942741394
xmf	0.6033488512039185
ka	0.9996745586395264
ka	0.9999368786811829
ka	0.9926427602767944
ka	0.9992514252662659
ka	0.9851529002189636
ka	0.9962010979652405
ka	1.0000417232513428
ka	1.0000247955322266
ka	1.0000417232513428
ka	0.9999959468841553
ka	0.9998311400413513
ka	0.9997832179069519
ka	0.9994926452636719
ka	0.9979683756828308
ka	0.9999061226844788
ka	0.9995227456092834
ka	1.0000003576278687
ka	0.9995687007904053
ka	1.0000004768371582
ka	0.997067391872406
ka	0.987075686454773
ka	0.9980766177177429
ka	0.999029278755188
ka	0.9947437047958374
ka	1.000062108039856
ka	0.992372989654541
ka	1.0000640153884888
ka	0.9987949132919312
ka	0.9977693557739258
ka	1.000000238418579
ka	0.9996471405029297
ka	0.9996089339256287
ka	0.9937540888786316
ka	0.9998276233673096
ka	0.9994888305664062
ka	1.0000566244125366
ka	0.9790803790092468
ka	0.9945222735404968
ka	0.9998550415039062
ka	1.0000789165496826
ka	0.9996280670166016
ka	0.9900164008140564
ka	0.9993604421615601
ka	0.9928184151649475
ka	0.9996998310089111
ka	0.9948568344116211
ka	0.9936527609825134
ka	0.998713493347168
ka	1.0000262260437012
ka	0.9990045428276062
ka	0.9877828359603882
ka	0.9997183084487915
ka	0.9991074204444885
ka	0.999556839466095
ka	0.9993009567260742
ka	0.9953204393386841
ka	0.9997581839561462
ka	0.9982150197029114
ka	0.9999179244041443
ka	0.996656060218811
ka	0.9918212294578552
ka	1.0000137090682983
ka	1.000070333480835
ka	0.9728982448577881
ka	1.0000773668289185
ka	0.9465685486793518
ka	0.9976664781570435
ka	0.989218533039093
ka	0.9970962405204773
ka	0.9909635782241821
ka	0.9998200535774231
ka	1.0000677108764648
ka	0.9999706149101257
ka	0.9978752136230469
ka	0.9998175501823425
ka	0.9983855485916138
ka	0.9990028738975525
ka	1.000025749206543
ka	0.9999927282333374
ka	1.0000003576278687
ka	0.9999716281890869
ka	0.999711811542511
ka	0.9994006752967834
ka	1.0000718832015991
ka	1.000077486038208
ka	0.9999161958694458
ka	1.000064730644226
ka	0.9904942512512207
ka	1.00001859664917
ka	1.0000377893447876
ka	0.9766156077384949
ka	1.0000536441802979
ka	0.9999424815177917
ka	0.9623153805732727
ka	0.9998786449432373
ka	0.9904752373695374
ka	0.99979168176651
ka	0.9947991967201233
ka	0.9967889189720154
ka	1.000012993812561
ka	0.9979633092880249
ka	0.9996944665908813
ka	0.9997666478157043
ka	0.9994291067123413
ka	0.9809706807136536
ka	1.0000416040420532
ka	0.955039381980896
ka	1.0000358819961548
ka	0.9798119068145752
ka	0.9994875192642212
ka	0.8337017297744751
ka	0.9996970295906067
ka	0.9991216659545898
ka	0.998926043510437
ka	0.998698353767395
ka	0.9869509935379028
ka	0.9653511047363281
ka	0.9996200203895569
ka	0.9998797178268433
ka	0.9970681071281433
ka	1.0000594854354858
ka	0.8601555824279785
ka	0.999762237071991
ka	0.9687967896461487
ka	0.9988241791725159
ka	1.0000381469726562
ka	0.9894838929176331
ka	1.0000388622283936
ka	0.9996697902679443
ka	0.9738528728485107
ka	0.9865486025810242
ka	1.000027060508728
ka	0.9995790123939514
ka	0.9994114637374878
ka	0.9992790222167969
ka	1.0000251531600952
ka	0.9894403219223022
ka	0.9973243474960327
ka	1.0000663995742798
ka	0.9997883439064026
ka	0.9971027970314026
ka	0.9983037710189819
ka	1.0000379085540771
ka	0.9834442734718323
ka	0.9989558458328247
ka	0.9999490976333618
ka	0.9998205900192261
ka	0.9950640797615051
ka	0.9982926845550537
ka	0.9994471669197083
ka	0.999580442905426
ka	1.000045895576477
ka	0.9982473850250244
ka	0.9940080046653748
ka	0.997930645942688
ka	0.9522169232368469
xmf	0.49097728729248047
ka	0.9884470105171204
ka	0.9987537860870361
ka	0.9790129661560059
ka	0.9869401454925537
ka	0.9913209080696106
ka	0.999911904335022
ka	1.0000641345977783
ka	1.0000689029693604
ka	0.9984175562858582
ka	0.9611900448799133
ka	0.9969013333320618
ka	0.9999242424964905
ka	0.9999470114707947
ka	0.9992008805274963
ka	0.9988942742347717
ka	0.9997794032096863
ka	0.9945189952850342
ka	1.0000622272491455
ka	1.000072717666626
ka	0.9840039610862732
ka	0.9953941702842712
ka	1.0000211000442505
ka	0.9994495511054993
ka	1.0000159740447998
ka	0.9995683431625366
ka	0.9998154640197754
ka	0.9867545366287231
ka	0.9999852776527405
ka	0.9997032880783081
ka	0.9989016652107239
ka	1.0000641345977783
ka	0.9993447661399841
ka	1.0000261068344116
ka	1.0000132322311401
ka	0.9996196627616882
ka	0.9999400973320007
ka	0.9993106126785278
ka	0.9984030723571777
ka	0.993719756603241
ka	1.0000510215759277
ka	0.9997026920318604
ka	0.9994329214096069
ka	0.9993716478347778
ka	0.9999337196350098
ka	0.9981000423431396
ka	0.9986683130264282
ka	0.9998686909675598
ka	0.9445866346359253
ka	0.9886969923973083
ka	0.9947596192359924
ka	0.9996918439865112
ka	0.8274781703948975
ka	0.9994213581085205
ka	0.9983391761779785
ka	0.9994795918464661
ka	0.9999966025352478
ka	0.9865536689758301
ka	1.0000056028366089
ka	0.9999099373817444
ka	1.0000667572021484
ka	0.9999710917472839
ka	0.9955527782440186
ka	0.9998560547828674
ka	0.99957674741745
ka	0.9999139904975891
ka	0.9991601705551147
ka	1.000056505203247
ka	0.9998969435691833
ka	0.9998130798339844
ka	1.0000724792480469
ka	1.000032663345337
ka	1.0000783205032349
ka	0.9188909530639648
ka	0.9990957975387573
ka	0.9999998807907104
ka	0.9361098408699036
ka	0.9995214343070984
ka	0.9999456405639648
ka	0.9983722567558289
ka	0.9983722567558289
ka	0.9883584380149841
ka	0.9971039295196533
ka	0.9980069994926453
ka	0.9999175667762756
ka	0.9831889867782593
ka	0.9655274748802185
ka	0.9998837113380432
ka	0.9999614357948303
ka	0.9838676452636719
ka	0.998312771320343
ka	0.997772216796875
ka	0.9989479184150696
ka	0.9988421201705933
ka	0.9881705045700073
ka	0.9975059628486633
ka	0.9991102814674377
ka	0.9999080300331116
ka	0.9978368282318115
ka	0.9997361302375793
ka	0.9997455477714539
ka	0.9999731779098511
ka	0.9990001320838928
xmf	0.6106614470481873
ka	1.0000110864639282
ka	0.9996438026428223
ka	1.0000592470169067
ka	0.9986788630485535
ka	0.9974353313446045
ka	0.9997764229774475
ka	0.9995841383934021
ka	0.9861577153205872
ka	0.9942889213562012
ka	0.9960496425628662
ka	0.9995837211608887
ka	0.9980708360671997
ka	0.9992129802703857
ka	0.9996651411056519
ka	0.9536212682723999
ka	0.9646682739257812
ka	0.9981450438499451
ka	0.9990258812904358
ka	0.9995459318161011
ka	0.984373927116394
ka	0.9956364631652832
ka	0.997464656829834
ka	0.9980828762054443
ka	0.99996018409729
ka	0.999809980392456
ka	0.9999287724494934
ka	0.9997317790985107
ka	0.9943928122520447
ka	0.9992802143096924
ka	0.9616195559501648
ka	0.9995068907737732
ka	0.9996922016143799
ka	0.9740700125694275
ka	0.9995536208152771
ka	0.9997959733009338
ka	0.9998252987861633
ka	1.0000710487365723
ka	1.0000523328781128
ka	1.0000773668289185
ka	0.9999886155128479
ka	1.0000169277191162
ka	1.0000301599502563
ka	0.9998093843460083
ka	0.9993239641189575
ka	0.9904493093490601
ka	1.0000101327896118
ka	1.0000429153442383
ka	0.9949583411216736
ka	1.0000053644180298
ka	0.9969468116760254
ka	0.9989792704582214
ka	0.9979790449142456
ka	0.9979466199874878
ka	1.0000146627426147
ka	0.9997262358665466
ka	0.9980711936950684
ka	0.9970189929008484
ka	1.000068187713623
ka	0.9956197738647461
ka	0.9999894499778748
ka	1.000022053718567
ka	1.0000734329223633
ka	0.9967312216758728
ka	0.9998494386672974
ka	0.9942946434020996
ka	0.9999013543128967
ka	0.9998489618301392
ka	0.9994397759437561
ka	0.9971746802330017
ka	0.9986175298690796
ka	0.9454822540283203
ka	0.9274434447288513
ka	1.000037670135498
ka	0.9998161792755127
ka	0.9997069239616394
ka	0.9982970952987671
ka	0.7285776138305664
ka	0.9906349778175354
ka	1.0000683069229126
ka	0.9591971039772034
ka	0.9992893934249878
ka	1.0000085830688477
ka	0.9991258978843689
ka	0.9997386932373047
ka	0.9999872446060181
ka	0.9970214366912842
ka	0.9970009326934814
ka	0.9994572997093201
ka	0.9994059801101685
ka	0.9965600371360779
ka	1.0000754594802856
ka	1.000060796737671
ka	0.9999220371246338
ka	0.9994380474090576
ka	0.9999236464500427
ka	1.0000687837600708
ka	0.9998154044151306
ka	0.9896555542945862
ka	1.000022292137146
ka	0.8901651501655579
ka	0.9997937083244324
ka	0.9999535083770752
ka	0.9971455335617065
ka	0.9992949366569519
ka	0.9871021509170532
ka	1.0000780820846558
ka	1.0000616312026978
ka	1.0000746250152588
ka	0.9996546506881714
ka	0.9999798536300659
ka	0.992138147354126
ka	0.9999588131904602
ka	0.9953854084014893
ka	0.9998085498809814
ka	0.9998652935028076
ka	1.000054121017456
ka	0.9996970891952515
ka	0.9998451471328735
ka	0.9999545812606812
ka	0.9997639656066895
ka	0.994687557220459
ka	0.9996145963668823
ka	1.000031590461731
ka	0.9927639365196228
ka	0.9947969913482666
ka	0.9974592328071594
ka	0.9954275488853455
ka	1.000006914138794
ka	0.9997810125350952
ka	1.0000526905059814
ka	0.9999635815620422
ka	1.000065803527832
ka	1.000065803527832
ka	0.9440675973892212
ka	0.9109955430030823
ka	0.9907038807868958
ka	1.0000742673873901
ka	1.0000667572021484
ka	0.9902945756912231
ka	0.9992305040359497
ka	1.0000648498535156
ka	0.9984138011932373
ka	1.0000698566436768
ka	0.9999046325683594
ka	0.9995273947715759
ka	0.8681716918945312
ka	0.9991838335990906
ka	0.9990552663803101
ka	0.999510645866394
ka	0.9975196123123169
ka	1.0000734329223633
ka	0.9979664087295532
ka	0.9998167753219604
ka	0.9998041391372681
ka	0.8278570175170898
ka	0.9127485752105713
ka	0.9989501237869263
ka	0.9993417263031006
ka	0.9999220371246338
ka	0.9998211860656738
ka	0.9999412894248962
ka	0.9982880353927612
ka	0.9995596408843994
ka	1.0000169277191162
ka	0.9997532963752747
ka	0.9946263432502747
ka	0.9975041151046753
ka	0.9999165534973145
ka	0.9996992349624634
ka	0.999833881855011
ka	0.9960833191871643
ka	0.9998674392700195
ka	0.9992717504501343
ka	0.9990195631980896
ka	0.9909464120864868
ka	1.0000696182250977
ka	1.0000091791152954
ka	0.9995313286781311
ka	1.0000771284103394
ka	1.0000251531600952
ka	0.9903116226196289
ka	0.9895510673522949
ka	0.9991451501846313
ka	0.9982890486717224
ka	0.9956783652305603
ka	0.97573322057724
ka	0.9980343580245972
ka	1.0000561475753784
ka	0.9972216486930847
ka	0.9983866810798645
ka	1.0000288486480713
ka	1.0000476837158203
ka	0.9994078278541565
ka	0.9999706149101257
ka	0.9948672652244568
ka	0.9901888966560364
ka	0.9998572468757629
ka	1.0000710487365723
ka	0.9981051087379456
ka	1.0000734329223633
ka	0.9086092710494995
ka	1.0000720024108887
ka	0.9898449778556824
ka	0.9987761378288269
ka	0.9799178242683411
ka	0.9993292689323425
ka	0.9996437430381775
ka	0.9892631769180298
ka	0.9891089200973511
ka	1.0000766515731812
ka	0.9932245016098022
ka	0.9999818801879883
ka	0.9997706413269043
ka	0.9999315142631531
ka	0.9990037679672241
ka	0.9936519265174866
ka	0.9999445080757141
ka	1.0000734329223633
ka	0.9996300339698792
ka	0.9847733378410339
ka	0.7645844221115112
ka	0.9977749586105347
ka	0.9910511374473572
ka	0.997682511806488
ka	0.9997158646583557
ka	0.9989073276519775
ka	1.0000704526901245
ka	1.0000426769256592
ka	0.9975465536117554
ka	0.9314098358154297
ka	0.9990126490592957
ka	0.9984467029571533
ka	0.9992994666099548
ka	0.9829815626144409
ka	0.9999156594276428
ka	0.99405437707901
ka	1.00001859664917
ka	1.000062346458435
ka	0.9986627697944641
ka	1.0000677108764648
ka	0.9991728067398071
ka	1.0000312328338623
ka	0.9953153729438782
ka	0.9997769594192505
ka	0.9963159561157227
ka	0.9997395873069763
ka	0.9953809976577759
ka	0.9997601509094238
ka	0.9983862638473511
ka	0.9999982714653015
ka	1.000075340270996
ka	0.9999011158943176
ka	1.0000640153884888
ka	0.9999681115150452
ka	0.9981510639190674
ka	0.9980875849723816
ka	1.0000654458999634
ka	0.9996199607849121
ka	0.9980936050415039
ka	0.998326301574707
ka	0.9996441602706909
ka	1.00006103515625
ka	0.9998226761817932
ka	0.9982450604438782
ka	0.9961948394775391
ka	0.999923586845398
ka	1.0000731945037842
ka	0.9980078935623169
ka	0.9987390041351318
ka	0.9763327240943909
ka	0.9978113770484924
ka	0.9977593421936035
ka	0.9841950535774231
ka	0.9999917149543762
ka	0.9995898604393005
ka	0.9582012891769409
xmf	0.49653327465057373
ka	1.0000624656677246
ka	1.0000337362289429
ka	0.9999567866325378
ka	0.998330295085907
ka	0.9997593760490417
ka	0.999933660030365
ka	0.9994420409202576
ka	0.9778240323066711
ka	0.9998224973678589
ka	0.9914824366569519
ka	1.0000625848770142
ka	0.9996621012687683
ka	1.0000616312026978
ka	0.9843776822090149
ka	1.0000529289245605
ka	0.9998432993888855
ka	0.9943634271621704
ka	0.989057719707489
ka	0.9997139573097229
ka	0.9997771382331848
ka	1.0000754594802856
ka	0.999946117401123
ka	1.0000759363174438
ka	0.9986198544502258
ka	0.9998841285705566
ka	0.9997944235801697
ka	0.99945467710495
ka	0.9998511075973511
ka	0.9991223812103271
ka	1.0000554323196411
ka	0.9955952763557434
ka	0.959867000579834
ka	0.9922203421592712
ka	0.9992783665657043
ka	0.9998993873596191
ka	0.9974673390388489
ka	0.9997256398200989
ka	0.997974693775177
ka	0.9890674352645874
ka	1.0000170469284058
ka	0.9973908066749573
ka	0.9493564963340759
ka	0.9991545677185059
ka	0.9990038871765137
ka	1.0000553131103516
ka	0.9999362826347351
ka	0.9994895458221436
ka	1.0000030994415283
ka	0.9998331665992737
ka	0.9993255138397217
ka	0.9917622208595276
ka	0.9987298846244812
ka	1.0000267028808594
ka	0.9999886751174927
ka	0.998480498790741
ka	0.997167706489563
ka	0.9999668002128601
ka	0.9980596899986267
ka	0.9711177945137024
ka	0.986542284488678
ka	0.9925593137741089
ka	0.9997968077659607
ka	0.9995615482330322
ka	0.9979851245880127
ka	0.721975564956665
ka	0.9768515825271606
ka	0.9992534518241882
ka	1.000031590461731
ka	0.9998950958251953
ka	1.0000526905059814
ka	0.9991206526756287
ka	0.9997053146362305
ka	0.9936745166778564
ka	0.9984451532363892
ka	0.9999653697013855
ka	0.999836266040802
ka	0.9892609715461731
ka	0.9997624158859253
ka	0.9999095797538757
ka	0.9997125267982483
ka	0.9973673820495605
ka	0.9911669492721558
ka	0.9970412850379944
ka	0.999900221824646
ka	0.9970874786376953
ka	0.9997069835662842
ka	0.9998509883880615
ka	0.9991476535797119
ka	0.9986036419868469
ka	1.0000334978103638
ka	0.9999419450759888
ka	0.9994643330574036
ka	0.9995483756065369
ka	0.9980628490447998
ka	1.0000762939453125
ka	0.9904941916465759
ka	1.000063180923462
ka	0.9989575147628784
ka	1.000062346458435
ka	1.000034213066101
ka	0.9998812079429626
ka	0.9995792508125305
ka	0.9999326467514038
ka	0.9972711801528931
ka	0.9996972680091858
ka	0.9963927865028381
ka	0.9993788599967957
ka	1.000023603439331
ka	0.9999774694442749
ka	0.9938852190971375
ka	0.9999871850013733
ka	0.9918639063835144
ka	0.9977548718452454
ka	0.9934034943580627
ka	1.0000227689743042
ka	0.9995113611221313
ka	0.998311460018158
ka	0.9757829308509827
ka	0.999722957611084
ka	0.9932182431221008
ka	0.9989925622940063
ka	1.0000731945037842
ka	0.9991245269775391
ka	0.9997828006744385
ka	1.0000255107879639
ka	0.999843955039978
ka	0.9997385740280151
ka	0.9995549917221069
ka	0.9980064630508423
ka	0.9965621829032898
ka	0.9951426386833191
ka	0.9997475147247314
ka	0.9983472228050232
ka	0.9969660639762878
ka	0.9995980858802795
ka	0.9999144673347473
ka	0.9976207613945007
ka	0.9996471405029297
ka	0.9998162984848022
ka	0.9999952912330627
ka	0.9996750950813293
ka	1.0000207424163818
ka	0.9988770484924316
ka	0.9899855256080627
ka	0.9988275170326233
ka	0.9995841979980469
ka	0.993689239025116
ka	0.9482563734054565
ka	0.9279912114143372
ka	0.9868408441543579
ka	0.968438982963562
ka	0.9834222793579102
ka	1.0000256299972534
ka	0.9998827576637268
ka	0.9950028657913208
ka	0.9998300075531006
ka	0.9963476657867432
ka	0.9942869544029236
ka	1.0000470876693726
ka	0.7701761722564697
ka	0.9987955689430237
ka	0.9980728030204773
ka	0.9994478821754456
ka	0.999776303768158
ka	0.9966040849685669
ka	0.9997107982635498
ka	0.9771669507026672
ka	0.999987006187439
ka	0.9999476075172424
ka	1.0000184774398804
ka	1.0000262260437012
ka	0.999942421913147
ka	1.0000436305999756
ka	0.997465193271637
ka	0.9892730116844177
ka	0.9993535280227661
ka	0.997871994972229
ka	0.9998592138290405
ka	0.9928486347198486
ka	0.9998171925544739
ka	0.9972124695777893
ka	0.9999198317527771
ka	0.9995505809783936
ka	1.0000216960906982
ka	0.8456956148147583
ka	0.9954526424407959
ka	0.9999309778213501
ka	0.9998455047607422
ka	0.9759489893913269
ka	0.9997344613075256
ka	0.9998900890350342
ka	0.9961869716644287
ka	0.9818154573440552
ka	0.9998601078987122
ka	0.9992241859436035
ka	0.9994412660598755
ka	1.000048041343689
ka	1.0000579357147217
ka	0.967507541179657
ka	0.9999260902404785
ka	0.9961649179458618
ka	0.9994171857833862
ka	0.9999403357505798
ka	0.9965786337852478
ka	0.9733439683914185
ka	0.8950692415237427
ka	1.0000197887420654
ka	0.9583640098571777
ka	0.997167706489563
ka	1.0000057220458984
ka	0.9997571110725403
ka	0.9999666810035706
ka	0.996229887008667
ka	0.9994868040084839
ka	0.9962203502655029
ka	0.999912679195404
ka	0.820466160774231
ka	0.9997363090515137
ka	0.9990888833999634
ka	0.9998458623886108
ka	1.0000661611557007
ka	0.9996972680091858
ka	0.9995385408401489
ka	0.9971413612365723
ka	0.993521511554718
ka	0.9997583031654358
ka	0.9981446862220764
ka	1.0000759363174438
ka	0.9995341897010803
ka	0.9994853734970093
ka	1.0000349283218384
ka	0.9645358920097351
ka	0.999891459941864
ka	1.0000050067901611
ka	0.9971978664398193
ka	0.9986069798469543
ka	0.999944269657135
ka	0.9999988675117493
ka	0.9992578625679016
ka	0.9998815059661865
ka	0.996552586555481
ka	0.9999139308929443
ka	0.9999902248382568
ka	0.9964143633842468
ka	0.9995861649513245
ka	0.999376118183136
ka	0.9971117377281189
ka	1.0000125169754028
ka	0.9961069822311401
ka	0.9997819066047668
ka	0.998997151851654
ka	0.9990806579589844
ka	1.0000447034835815
ka	1.0000051259994507
ka	0.9987528920173645
ka	0.9972850680351257
ka	1.0000203847885132
ka	0.9999377131462097
ka	0.9394544363021851
ka	0.9980911016464233
ka	0.9984319806098938
ka	0.9997103810310364
ka	0.9988715648651123
ka	1.0000112056732178
ka	0.9997918605804443
ka	1.0000666379928589
ka	1.0000547170639038
ka	0.9990004301071167
ka	0.9996435046195984
ka	0.9991797804832458
ka	1.0000395774841309
ka	0.9998263716697693
ka	0.9991527199745178
ka	0.9383827447891235
ka	1.0000624656677246
ka	0.9995933175086975
ka	0.948969841003418
ka	0.9946386218070984
ka	0.9916214942932129
ka	0.9664703607559204
ka	0.9999961256980896
ka	0.998297929763794
ka	0.9907739758491516
ka	0.9989287853240967
ka	0.9999147653579712
ka	0.9983665347099304
ka	0.9999123215675354
ka	0.9999844431877136
ka	0.9984610676765442
ka	0.9997656345367432
ka	0.9997024536132812
ka	0.9998565316200256
ka	0.9999927878379822
ka	0.999703049659729
ka	1.0000731945037842
ka	0.9999328851699829
ka	0.9980096817016602
ka	0.9991537928581238
ka	0.9997146725654602
ka	1.0000594854354858
ka	0.9994863867759705
ka	0.9722616076469421
ka	0.9977042078971863
ka	0.9995871782302856
ka	0.9990854263305664
ka	0.9946466684341431
ka	0.998785674571991
