kz_lang	probability
kk	1.0000720024108887
ky	0.19260823726654053
kk	0.9944744110107422
kk	1.0000360012054443
kk	1.0000616312026978
kk	0.9975985288619995
kk	0.9311642050743103
kk	0.9946231245994568
kk	0.9947810173034668
ba	0.571606457233429
kk	0.9918940663337708
kk	0.9974327683448792
kk	1.0000207424163818
kk	0.9991596937179565
kk	0.989658772945404
kk	0.9956427216529846
kk	1.000066876411438
kk	0.9997383952140808
kk	0.5613755583763123
kk	0.9998236298561096
kk	0.9891634583473206
kk	0.8010433912277222
kk	0.8804976344108582
kk	0.8804976344108582
kk	0.9997515082359314
kk	0.7159687280654907
kk	0.41722574830055237
kk	0.9984960556030273
kk	0.9290430545806885
kk	0.9472458362579346
kk	0.8791866302490234
kk	0.9993413686752319
kk	0.9997283816337585
kk	0.9985911846160889
kk	0.9996904134750366
kk	0.9983612298965454
kk	0.999700129032135
kk	0.9998593926429749
kk	1.0000603199005127
kk	0.9889414310455322
kk	0.9969362020492554
kk	0.8249208927154541
kk	0.9903634786605835
kk	0.6037098169326782
kk	0.9988572597503662
kk	0.9913334846496582
kk	0.9999594688415527
kk	0.985481858253479
ru	0.8006199598312378
kk	0.8212836384773254
kk	0.9994036555290222
kk	0.9769216775894165
kk	0.9372265338897705
kk	0.9669149518013
kk	0.9998794198036194
kk	0.9993902444839478
kk	0.9815537333488464
kk	0.8401418328285217
kk	0.5605475306510925
kk	0.9991987347602844
kk	0.9994967579841614
kk	0.9115361571311951
kk	0.7219822406768799
kk	0.9880266189575195
kk	0.9792557954788208
kk	0.9528248906135559
kk	0.9947937726974487
kk	0.46862995624542236
kk	1.000022053718567
kk	0.999707043170929
kk	0.9649336338043213
kk	0.9941356778144836
uk	0.7381656765937805
kk	0.9993152022361755
kk	0.9999901056289673
kk	1.0000778436660767
kk	0.9998640418052673
kk	0.9964918494224548
kk	0.9162229895591736
kk	0.9811227917671204
kk	0.9975243806838989
kk	0.9997936487197876
kk	0.9961819052696228
kk	0.9951139688491821
kk	0.8778656721115112
kk	0.9995478987693787
kk	0.9859012365341187
kk	0.7992725372314453
kk	1.0000267028808594
kk	1.0000267028808594
kk	0.9964894652366638
kk	0.9990577101707458
kk	0.9970188140869141
kk	0.8533652424812317
kk	0.9819480180740356
kk	1.000076174736023
kk	0.9996249675750732
kk	1.0000149011611938
kk	0.8514487147331238
ky	0.5022383332252502
kk	0.9992913007736206
kk	0.9918355345726013
kk	1.0000507831573486
kk	1.0000507831573486
kk	0.9990532398223877
kk	1.0000661611557007
kk	0.9999319314956665
kk	0.9620047211647034
kk	0.792702853679657
kk	1.0000492334365845
kk	1.0000040531158447
kk	1.0000784397125244
kk	1.000057339668274
kk	1.0000638961791992
kk	0.9971243739128113
kk	0.9821552634239197
kk	0.9961672425270081
kk	1.000047206878662
kk	0.9963905811309814
kk	0.9644532203674316
kk	0.9999849796295166
kk	0.8720816373825073
kk	0.9989715814590454
kk	1.0000660419464111
kk	0.6814939975738525
ru	0.6925349235534668
kk	0.9999626278877258
kk	0.9997271299362183
kk	1.000052571296692
kk	0.988568902015686
kk	0.9991119503974915
kk	0.981012761592865
ru	0.5947349667549133
kk	0.7841683626174927
kk	0.7841683626174927
kk	0.999081015586853
kk	0.999081015586853
kk	0.7891044020652771
kk	0.9779266119003296
kk	0.9968993663787842
kk	0.9987698793411255
kk	0.8161959648132324
kk	0.9492724537849426
kk	0.9997314810752869
kk	1.000015139579773
kk	0.790187418460846
kk	0.7463469505310059
kk	0.9912671446800232
kk	0.9912671446800232
kk	0.9439013004302979
kk	0.9595386385917664
kk	0.9991214275360107
kk	0.9991217851638794
kk	0.9995102882385254
kk	1.0000567436218262
kk	0.9256696701049805
kk	0.938355028629303
kk	0.9981157779693604
kk	0.9911218881607056
kk	0.9972675442695618
kk	0.9556219577789307
kk	0.7188631296157837
kk	0.7188631296157837
kk	0.9969646334648132
kk	0.998455286026001
kk	0.9999358057975769
mhr	0.41344282031059265
kk	1.0000568628311157
kk	1.0000568628311157
kk	0.8771106600761414
kk	1.0000118017196655
kk	0.9411493539810181
kk	0.9957953095436096
kk	1.0000561475753784
kk	0.9621797800064087
kk	0.9981799721717834
kk	0.991683304309845
kk	0.9739779233932495
kk	0.9993318319320679
kk	0.9995285272598267
kk	0.9988681674003601
kk	0.9999959468841553
kk	0.982063889503479
kk	0.9792649745941162
kk	0.7244069576263428
kk	0.9963470697402954
kk	0.9694004058837891
kk	0.9891600012779236
kk	0.9993943572044373
kk	0.9998036026954651
kk	0.9997844696044922
kk	0.9974462985992432
kk	0.999353289604187
kk	0.715849757194519
kk	1.0000686645507812
kk	1.0000717639923096
kk	0.9936379194259644
kk	1.0000605583190918
tt	0.5394546389579773
kk	0.997439980506897
kk	0.9987740516662598
kk	1.0000649690628052
kk	1.0000669956207275
kk	1.0000478029251099
kk	0.9653840661048889
kk	1.0000524520874023
kk	0.9997603893280029
kk	0.9497759938240051
kk	0.999955952167511
kk	0.9996421337127686
kk	0.9993266463279724
kk	0.9999484419822693
kk	0.9999622106552124
kk	0.9996251463890076
kk	0.9912464022636414
kk	0.9996644854545593
kk	0.9960170388221741
kk	0.9990390539169312
kk	0.9990390539169312
kk	1.0000797510147095
kk	0.9993953704833984
kk	0.9967775344848633
kk	0.9537857174873352
kk	0.9999340176582336
kk	0.9998758435249329
kk	0.9992630481719971
kk	0.9998711347579956
kk	1.000070333480835
kk	0.9996525645256042
kk	1.0000665187835693
kk	0.9949890971183777
kk	0.9988027811050415
kk	0.9983347058296204
kk	0.9922134280204773
kk	0.8933306932449341
kk	0.9944301843643188
ky	0.37957149744033813
kk	0.9877977967262268
kk	0.9927651882171631
kk	0.9930922389030457
kk	0.9879423379898071
kk	1.0000699758529663
mk	0.7020123600959778
kk	0.9973684549331665
kk	0.9764494299888611
kk	0.9984087347984314
kk	0.9824504852294922
kk	0.9984750747680664
kk	1.0000330209732056
kk	0.9961416125297546
kk	0.9996925592422485
kk	1.0000767707824707
kk	1.0000691413879395
kk	0.9880242347717285
kk	0.9967101216316223
kk	0.9990933537483215
kk	0.996669590473175
kk	0.9999806880950928
kk	0.9843836426734924
uk	0.655288815498352
kk	0.9998000264167786
kk	0.9998000264167786
kk	0.9823540449142456
kk	0.9159231185913086
kk	0.9692525267601013
kk	0.9945929646492004
kk	0.9985299110412598
kk	0.7132055759429932
kk	0.9945584535598755
kk	0.9980065822601318
kk	0.5116197466850281
kk	1.0000734329223633
kk	0.999711811542511
kk	0.9997279644012451
kk	0.9950071573257446
kk	0.9878801703453064
kk	0.9929552674293518
kk	0.9775311350822449
kk	0.9965474605560303
kk	0.9997785091400146
kk	0.9998096227645874
kk	0.998311460018158
kk	0.9998971223831177
kk	0.9039310216903687
kk	0.9998597502708435
kk	0.9897823333740234
tt	0.6337386965751648
kk	0.9993726015090942
kk	1.0000371932983398
kk	1.0000590085983276
kk	0.9999657869338989
kk	0.3885723352432251
kk	1.0000675916671753
kk	0.9289833903312683
kk	0.9997435808181763
kk	0.990989625453949
kk	0.9999816417694092
kk	0.9905821681022644
kk	1.0000730752944946
kk	0.9745330214500427
kk	0.9999522566795349
kk	0.9989280104637146
kk	1.0000580549240112
kk	0.9979954957962036
kk	1.0000152587890625
kk	0.9999667406082153
kk	1.000009536743164
kk	0.9975882768630981
kk	0.9997772574424744
kk	0.9893234372138977
kk	0.9999781847000122
kk	0.9996174573898315
kk	0.9999557137489319
kk	0.9999121427536011
kk	0.9984203577041626
kk	0.9999517202377319
kk	0.9915370345115662
kk	0.9988585114479065
kk	1.0000587701797485
kk	0.9991779327392578
kk	0.9874938726425171
kk	0.9999162554740906
kk	0.80903160572052
kk	0.8124719858169556
kk	0.8124719858169556
kk	0.9991883039474487
ky	0.4401493966579437
kk	0.993369996547699
kk	0.9983590841293335
kk	1.0000712871551514
kk	0.9991706609725952
kk	0.9386908411979675
kk	0.9994101524353027
kk	0.9999878406524658
kk	0.9817397594451904
kk	0.9996926784515381
kk	0.8747859597206116
kk	0.9994785189628601
kk	0.9921134114265442
kk	0.995881974697113
kk	0.9822849035263062
kk	0.9988528490066528
kk	0.9979580044746399
kk	0.9822759628295898
kk	0.9043093323707581
kk	0.6278745532035828
kk	1.00004243850708
ky	0.4152691662311554
kk	1.0000669956207275
kk	0.9993525147438049
kk	1.000075101852417
kk	1.0000754594802856
kk	0.9818143844604492
kk	0.9818143844604492
kk	0.9818143844604492
kk	0.9818143844604492
kk	1.0000697374343872
kk	0.9956561326980591
kk	1.00001859664917
kk	0.9998973608016968
kk	1.0000405311584473
kk	0.9980543255805969
kk	0.9957985877990723
kk	1.0000085830688477
kk	0.9998568296432495
kk	1.0000687837600708
kk	0.9994741082191467
kk	0.9993655681610107
kk	0.9999503493309021
kk	0.9386540651321411
kk	1.0000776052474976
kk	0.9970982670783997
kk	0.9991403818130493
kk	0.9472517967224121
kk	0.8935402631759644
kk	0.9589227437973022
kk	0.8083215355873108
kk	0.9991697669029236
kk	1.0000529289245605
kk	0.9964272975921631
kk	1.0000767707824707
kk	1.000071406364441
kk	1.0000646114349365
kk	0.979900598526001
kk	1.0000786781311035
kk	1.0000413656234741
kk	0.9867089986801147
kk	0.9943075180053711
kk	0.9943075180053711
kk	0.9946503639221191
kk	0.992103636264801
kk	0.9965884685516357
kk	0.8713134527206421
ba	0.4904356300830841
kk	0.9750866293907166
kk	0.9750866293907166
kk	0.9973331093788147
kk	1.0000779628753662
tt	0.3663770854473114
tt	0.3663770854473114
kk	0.928117036819458
kk	0.928117036819458
kk	0.999995231628418
kk	0.999995231628418
kk	0.999995231628418
kk	0.8527006506919861
kk	0.9999974370002747
kk	0.9408398270606995
kk	0.9408398270606995
kk	0.9981111288070679
kk	0.9927273988723755
kk	0.9927273988723755
kk	0.9996193051338196
kk	0.9996193051338196
kk	1.0000407695770264
kk	0.9995138645172119
kk	1.0000487565994263
kk	0.9994633793830872
kk	1.000058889389038
kk	0.9996282458305359
kk	1.000060796737671
kk	1.000060796737671
kk	1.000060796737671
kk	1.000060796737671
kk	0.986875057220459
kk	0.7606440186500549
kk	0.9785061478614807
kk	0.9963752031326294
kk	0.981357753276825
kk	0.999881386756897
kk	0.9956985712051392
kk	0.9992956519126892
kk	0.9780752062797546
kk	0.9536464810371399
kk	0.9973840117454529
kk	0.9222996234893799
kk	0.9920913577079773
kk	0.9729312062263489
kk	0.982648491859436
kk	0.9303798675537109
kk	0.9303798675537109
kk	0.9864971041679382
kk	0.9983283877372742
kk	0.9998353123664856
kk	0.9997356534004211
kk	1.0000337362289429
kk	0.9892398715019226
kk	1.0000375509262085
kk	0.9987855553627014
uk	0.958833634853363
kk	0.9742767214775085
kk	0.9986485242843628
kk	0.9578104615211487
kk	0.9997092485427856
kk	0.9994526505470276
ru	0.4361572265625
kk	0.9995693564414978
kk	0.9246562123298645
kk	0.9254242181777954
kk	1.0000611543655396
kk	1.000061273574829
kk	0.9999977350234985
kk	0.9981271624565125
kk	0.9995888471603394
kk	0.9999106526374817
kk	0.9999739527702332
kk	0.9999739527702332
kk	0.9964154362678528
kk	0.9994435906410217
kk	0.996667742729187
kk	1.0000765323638916
kk	0.9998971223831177
kk	0.9995850920677185
kk	0.5800271034240723
kk	0.9986985921859741
kk	0.9962367415428162
kk	0.9999027252197266
kk	1.000044822692871
kk	0.9999372959136963
kk	1.0000463724136353
kk	0.9989607930183411
kk	1.0000784397125244
kk	0.9990668296813965
kk	0.998325765132904
kk	0.9915836453437805
kk	0.9982531666755676
kk	1.0000540018081665
kk	0.8482382297515869
kk	0.9786728620529175
kk	0.9997523427009583
kk	1.0000756978988647
kk	0.9984643459320068
kk	0.9978943467140198
kk	1.0000427961349487
kk	0.9999784827232361
kk	0.9998592734336853
kk	1.000025987625122
kk	1.0000077486038208
kk	0.9999930262565613
kk	0.9974777102470398
kk	1.0000265836715698
kk	1.0000537633895874
kk	0.550139307975769
kk	0.9958370923995972
kk	0.664347767829895
kk	0.9357147812843323
kk	0.99904865026474
kk	0.9874981045722961
kk	0.9995262622833252
kk	0.9975703358650208
kk	0.9999229311943054
kk	0.9996896386146545
kk	1.0000158548355103
kk	0.9999235272407532
kk	0.9998177886009216
kk	0.9891815781593323
kk	0.9965022802352905
kk	0.9421709775924683
kk	0.5930500626564026
kk	0.9369135499000549
kk	0.999218761920929
kk	0.9997730851173401
kk	0.9999463558197021
kk	0.9997271299362183
kk	1.0000495910644531
kk	0.9997991323471069
kk	0.9999827742576599
kk	0.9966633319854736
kk	1.0000474452972412
kk	1.0000656843185425
kk	0.9997750520706177
kk	0.9862730503082275
kk	0.999988317489624
kk	0.9997631311416626
kk	0.9966087341308594
kk	1.0000125169754028
kk	0.8503811955451965
uk	0.6597022414207458
kk	0.9999504685401917
kk	0.9269199371337891
kk	0.9996886253356934
kk	0.9995317459106445
kk	0.9746042490005493
kk	0.9993451833724976
kk	0.9999788403511047
kk	0.9999457001686096
kk	1.0000536441802979
kk	0.9999460577964783
kk	0.9998956918716431
kk	0.903541088104248
kk	1.0000704526901245
kk	0.9979121685028076
kk	1.0000743865966797
kk	0.950104296207428
kk	0.9948859810829163
kk	0.9998370409011841
kk	0.9992780089378357
kk	0.9941293001174927
kk	0.9984819889068604
kk	0.9998857378959656
kk	1.0000572204589844
kk	0.9940747022628784
kk	0.9999639391899109
kk	1.0000025033950806
kk	0.9999665021896362
kk	0.9997090101242065
kk	0.9674080014228821
kk	1.0000008344650269
kk	1.0000042915344238
kk	1.0000008344650269
kk	0.8183175325393677
kk	1.0000100135803223
kk	1.0000531673431396
kk	0.9993179440498352
kk	0.8234291672706604
kk	0.9997571706771851
kk	0.9132561683654785
kk	0.9984797239303589
kk	0.9984797239303589
kk	0.9079095125198364
tt	0.8773064613342285
tt	0.657232940196991
kk	0.9996568560600281
kk	1.0000488758087158
kk	0.9991704821586609
kk	0.9851540923118591
kk	0.9990690350532532
kk	0.9757910966873169
kk	1.0000746250152588
kk	0.9780197143554688
kk	0.9608837962150574
kk	0.8853844404220581
kk	0.9994749426841736
kk	0.9840701818466187
kk	0.9953839778900146
kk	0.8231377601623535
kk	0.9592252969741821
kk	1.0000497102737427
kk	0.9995035529136658
kk	0.9994568824768066
kk	0.9988832473754883
kk	1.0000636577606201
kk	1.0000636577606201
kk	0.9986464381217957
kk	0.9986464381217957
kk	1.0000625848770142
kk	0.9943203330039978
kk	0.9992688298225403
kk	0.9987084269523621
kk	0.9998103976249695
kk	0.9648860096931458
kk	0.9939244985580444
kk	0.9593492746353149
kk	0.9602246880531311
kk	1.0000710487365723
kk	0.9996156096458435
kk	1.0000773668289185
kk	0.9915599822998047
kk	1.000025987625122
kk	0.9760023951530457
kk	0.9817776083946228
kk	0.8614729046821594
kk	0.990709662437439
kk	0.9712716341018677
kk	1.0000001192092896
kk	0.9976887106895447
kk	0.9999896883964539
kk	0.9992347955703735
kk	0.9979835152626038
kk	0.9989247918128967
kk	0.9990532398223877
kk	0.9987605214118958
kk	0.9652913808822632
kk	0.9233930706977844
kk	0.9877651929855347
kk	1.000016212463379
kk	0.9965836405754089
kk	1.0000457763671875
kk	0.7564210891723633
kk	0.9999291300773621
kk	0.9931600093841553
kk	0.983206570148468
kk	0.9504812955856323
kk	0.9972240924835205
kk	1.0000702142715454
kk	0.958288311958313
kk	0.9998478889465332
kk	0.9998759627342224
kk	0.9998759627342224
kk	0.9994930028915405
kk	1.000027060508728
uk	0.5188626050949097
kk	1.0000224113464355
kk	0.9997162222862244
kk	0.9999290108680725
kk	0.9891854524612427
kk	0.9951934218406677
kk	1.0000797510147095
kk	0.9965203404426575
kk	1.0000510215759277
kk	0.9996669292449951
kk	0.9971558451652527
kk	1.0000683069229126
kk	0.9729587435722351
kk	0.6800645589828491
kk	1.0000625848770142
kk	0.9930990934371948
kk	1.0000736713409424
kk	1.0000736713409424
kk	0.9894354343414307
kk	1.0000618696212769
kk	0.9999425411224365
kk	0.9994010329246521
kk	0.9963133335113525
kk	0.9852622151374817
kk	0.9999056458473206
kk	0.9999608397483826
kk	0.9999949336051941
kk	0.9980560541152954
kk	0.9942658543586731
kk	0.9942658543586731
kk	0.9433594942092896
kk	0.999952495098114
kk	1.000069260597229
kk	1.000070571899414
kk	1.0000309944152832
kk	1.0000797510147095
kk	0.9813887476921082
kk	1.0000133514404297
kk	1.0000542402267456
kk	1.0000677108764648
kk	1.0000295639038086
tt	0.3660781979560852
tt	0.3660781979560852
kk	0.9516335129737854
kk	0.9966286420822144
kk	0.9971655607223511
kk	1.0000768899917603
kk	0.999177873134613
kk	0.9995408058166504
kk	0.999993622303009
kk	0.9998087286949158
kk	0.9998975992202759
kk	0.9930578470230103
kk	0.9930578470230103
kk	1.0000686645507812
kk	0.9963939785957336
kk	0.9960888028144836
kk	0.9999526739120483
kk	0.9999526739120483
kk	0.9999240636825562
kk	0.9999240636825562
kk	0.9995488524436951
kk	0.9984607696533203
kk	0.99997878074646
kk	1.0000650882720947
kk	0.9997266530990601
kk	1.000077724456787
kk	0.999998927116394
kk	0.9904428720474243
kk	0.9990156888961792
kk	0.9590502977371216
kk	0.952089786529541
kk	1.0000736713409424
kk	1.0000100135803223
kk	0.9957924485206604
kk	1.0000649690628052
kk	0.9999892115592957
kk	0.9997888207435608
kk	1.0000768899917603
kk	0.9997429251670837
kk	0.6304211616516113
kk	1.0000137090682983
kk	0.9878140687942505
kk	0.9999542832374573
kk	0.9989869594573975
kk	0.9999288320541382
kk	0.9981151819229126
kk	0.951709508895874
kk	0.9994363188743591
kk	0.999674916267395
kk	0.999206006526947
kk	1.0000439882278442
kk	1.0000609159469604
kk	0.7303485870361328
kk	0.9996128678321838
kk	0.9993175268173218
kk	0.9653573632240295
kk	0.9991668462753296
kk	0.9997355341911316
kk	0.9991426467895508
kk	0.9933950901031494
kk	0.9973560571670532
kk	0.9984224438667297
kk	0.9176506996154785
kk	0.9999292492866516
kk	0.9920324087142944
kk	0.9955689907073975
kk	0.9998284578323364
kk	0.9989368319511414
kk	0.955253541469574
kk	0.9963518381118774
kk	0.9959785342216492
kk	0.8372027277946472
kk	0.9974455237388611
kk	0.9013825058937073
kk	1.0000418424606323
kk	1.0000437498092651
kk	0.9776349067687988
kk	0.9776349067687988
kk	0.9873552918434143
kk	0.9979040026664734
kk	0.9978510141372681
kk	0.9978510141372681
kk	1.0000635385513306
kk	1.000055193901062
kk	1.0000792741775513
kk	0.9999192953109741
kk	0.9994994401931763
kk	0.5055733323097229
kk	0.999775767326355
kk	0.9988516569137573
kk	0.9988516569137573
kk	0.9946849942207336
kk	1.0000361204147339
kk	0.35357657074928284
kk	0.9997841715812683
kk	0.998512327671051
uk	0.7011331915855408
kk	0.998296856880188
kk	1.0000523328781128
kk	0.9670823216438293
kk	1.0000275373458862
sr	0.36133256554603577
kk	1.0000702142715454
kk	0.8403419852256775
kk	0.8403419852256775
kk	0.998972475528717
kk	0.998972475528717
kk	0.998972475528717
kk	0.9982959628105164
kk	0.9383546710014343
kk	0.6654146909713745
kk	0.8950405716896057
kk	0.9928041100502014
kk	0.999772846698761
kk	0.9961971044540405
kk	1.0000026226043701
kk	0.9993100762367249
kk	0.9996570348739624
kk	1.000077724456787
kk	1.000077724456787
kk	0.9870311617851257
kk	0.49203500151634216
kk	1.0000392198562622
kk	0.8958751559257507
kk	1.000040888786316
kk	0.9511337280273438
kk	0.9998589158058167
kk	0.9995341300964355
kk	0.8883814215660095
kk	0.9699373245239258
kk	0.9945146441459656
kk	0.9984124898910522
kk	0.9984124898910522
kk	0.9997466206550598
kk	0.9939553141593933
uk	0.83918297290802
tt	0.6742678880691528
kk	1.0000650882720947
kk	0.9988456964492798
kk	0.9984672665596008
kk	0.9867221713066101
kk	0.9779781103134155
kk	0.6717218160629272
kk	0.9997760653495789
kk	0.8058414459228516
kk	0.9989529252052307
kk	1.0000526905059814
kk	0.9901859760284424
kk	0.9995325803756714
kk	0.9995325803756714
kk	1.000048279762268
kk	0.9972630143165588
kk	0.9972630143165588
kk	0.6572352647781372
kk	0.9988489747047424
kk	0.9562493562698364
kk	0.9945521354675293
kk	0.9691687226295471
kk	0.9980825781822205
kk	0.9998682141304016
kk	1.0000014305114746
kk	0.9993988275527954
kk	0.9998933672904968
kk	1.0000784397125244
kk	0.9999058246612549
kk	0.9996421933174133
kk	0.9996375441551208
kk	0.9999867081642151
kk	0.9995015263557434
kk	0.9978624582290649
kk	1.000037431716919
kk	0.9998866319656372
kk	0.9937722086906433
kk	0.9986959099769592
kk	0.9993610978126526
kk	0.9998968839645386
kk	0.9998640418052673
kk	0.6469634175300598
kk	0.9998056292533875
kk	0.9971880316734314
kk	0.8145126700401306
kk	0.9759531617164612
kk	0.9968461990356445
kk	0.9998689889907837
kk	0.9442809820175171
kk	0.999421238899231
kk	0.9965420365333557
kk	0.9947934150695801
kk	0.9999827146530151
kk	0.9720849394798279
kk	1.0000293254852295
kk	0.9997497797012329
ru	0.6007669568061829
kk	0.9981521964073181
kk	0.9554823637008667
kk	0.9981613159179688
kk	0.9987697601318359
kk	0.7465299963951111
kk	1.0000216960906982
kk	0.9533939957618713
kk	0.9996273517608643
kk	0.9321722388267517
kk	0.9989297986030579
kk	0.9992532730102539
kk	0.9756754040718079
kk	0.9988043308258057
kk	0.9993735551834106
kk	1.0000636577606201
kk	0.9999924898147583
kk	0.7319479584693909
kk	0.996688187122345
kk	0.9999600052833557
kk	0.9653574228286743
kk	0.9999949932098389
kk	0.9645552039146423
kk	1.0000429153442383
kk	0.9850706458091736
kk	0.906402051448822
kk	0.906402051448822
kk	0.9255419373512268
kk	0.9990246295928955
kk	0.998734712600708
kk	1.000058650970459
kk	1.0000571012496948
kk	1.0000555515289307
kk	0.9689880609512329
kk	0.9995265007019043
kk	0.9950767755508423
kk	1.0000613927841187
kk	1.0000786781311035
kk	0.9938538074493408
kk	1.0000548362731934
kk	0.9979860186576843
kk	0.9996278882026672
kk	0.9992849230766296
kk	0.9999836683273315
kk	0.9998825192451477
kk	0.9832500219345093
kk	0.9995971918106079
kk	1.000037431716919
kk	0.9915268421173096
kk	0.9984404444694519
kk	1.0000382661819458
kk	0.9999246597290039
kk	1.0000693798065186
kk	0.9987801313400269
kk	1.0000663995742798
kk	0.999853789806366
kk	0.9970519542694092
kk	1.000017762184143
kk	0.9817286729812622
kk	0.9993045330047607
kk	1.0000274181365967
kk	0.9995312690734863
kk	1.0000582933425903
kk	1.0000767707824707
kk	0.9999899864196777
ru	0.5542450547218323
kk	1.0000414848327637
kk	0.9912017583847046
kk	0.9966816306114197
kk	0.9994188547134399
kk	0.9989088177680969
kk	0.9936591982841492
kk	0.9033313989639282
kk	0.9999938011169434
kk	1.0000715255737305
kk	0.9998317956924438
kk	1.0000760555267334
kk	1.0000697374343872
kk	0.9998862743377686
kk	0.9999953508377075
kk	1.0000572204589844
kk	0.9994745254516602
kk	0.9946549534797668
kk	0.9991868138313293
kk	0.9994275569915771
kk	0.9997667670249939
kk	0.9999703764915466
kk	0.9998800754547119
kk	0.9995856285095215
kk	0.9998020529747009
kk	0.9998217821121216
kk	0.9986899495124817
kk	1.0000768899917603
kk	0.9999862313270569
kk	0.9989990592002869
kk	1.000061273574829
kk	1.0000691413879395
kk	1.000038981437683
kk	0.9971012473106384
kk	0.9992140531539917
kk	0.9990642666816711
kk	0.9992091059684753
kk	0.9498670101165771
kk	0.9832239747047424
kk	1.0000548362731934
tt	0.6070390343666077
kk	1.0000767707824707
kk	0.9987331628799438
kk	0.9988210201263428
kk	0.9999896287918091
kk	0.9999854564666748
kk	0.9991032481193542
kk	0.9999531507492065
kk	0.9978178143501282
kk	0.9991700053215027
kk	0.9990041851997375
kk	0.9997393488883972
kk	0.9999733567237854
kk	0.9997601509094238
kk	0.9999848008155823
kk	0.9990046620368958
kk	1.0000245571136475
kk	0.9996498823165894
kk	0.9969264268875122
kk	1.0000391006469727
kk	0.9999760389328003
kk	0.9995998740196228
kk	1.0000077486038208
kk	0.999963104724884
kk	1.0000088214874268
kk	0.984790563583374
kk	0.9993604421615601
kk	0.9996506571769714
kk	0.9982119798660278
kk	0.9992771744728088
kk	0.9326902031898499
kk	0.9998748898506165
kk	0.9994946718215942
kk	0.8460142612457275
kk	0.9929662942886353
kk	0.9995876550674438
kk	0.9992126226425171
kk	0.9983525276184082
kk	0.9999608397483826
kk	0.9777539968490601
kk	1.0000704526901245
kk	0.9996991753578186
kk	0.990059494972229
kk	1.0000534057617188
kk	0.9998934268951416
kk	1.0000543594360352
kk	0.9999244213104248
kk	1.0000706911087036
kk	0.99986332654953
kk	1.00007164478302
kk	0.9873533844947815
kk	0.9702832102775574
kk	0.9846669435501099
kk	1.0000139474868774
kk	0.999968945980072
kk	0.9997788667678833
kk	0.9999700784683228
kk	0.9997744560241699
kk	0.9944467544555664
kk	0.9970203638076782
kk	1.0000098943710327
kk	0.9773465991020203
kk	0.9997975826263428
kk	0.9950689077377319
kk	1.0000251531600952
kk	0.9820770621299744
kk	0.9994465708732605
kk	0.9998970627784729
kk	1.0000747442245483
kk	1.0000267028808594
kk	0.9928364157676697
kk	0.999958872795105
kk	0.9995933175086975
kk	0.9998778104782104
kk	1.0000349283218384
kk	0.9998009204864502
kk	0.9987435936927795
kk	0.9830538630485535
kk	0.9998868107795715
kk	0.9991509914398193
kk	0.9998182654380798
kk	0.9998874068260193
kk	1.0000710487365723
kk	0.9964820146560669
kk	0.7993059754371643
kk	1.0000278949737549
kk	1.0000278949737549
kk	1.0000407695770264
kk	0.9999945759773254
kk	1.0000135898590088
kk	0.999969482421875
kk	0.9996345043182373
kk	0.9975703954696655
kk	0.9975703954696655
kk	1.0000382661819458
kk	0.9999942779541016
kk	0.9962143898010254
kk	0.9998712539672852
kk	0.9996047616004944
kk	0.9999081492424011
kk	0.9995976090431213
kk	1.0000585317611694
kk	0.9999682307243347
kk	0.9998592734336853
kk	0.9837907552719116
kk	0.9999517798423767
kk	0.9987414479255676
kk	0.9998059272766113
kk	1.0000685453414917
kk	0.9983437657356262
kk	1.0000360012054443
kk	1.0000708103179932
kk	0.9997201561927795
kk	0.9957400560379028
kk	0.9925346970558167
kk	1.0000450611114502
kk	1.0000708103179932
kk	1.0000523328781128
kk	0.999774158000946
kk	1.0000110864639282
kk	1.0000267028808594
kk	1.0000267028808594
kk	0.991174578666687
kk	1.0000207424163818
kk	1.0000722408294678
kk	0.973460853099823
kk	0.9996716976165771
kk	0.9782845377922058
kk	0.9994773268699646
kk	0.9409745931625366
kk	0.8274872303009033
kk	0.9992643594741821
kk	0.9959239363670349
kk	0.9997948408126831
kk	1.0000770092010498
kk	0.6107365489006042
kk	0.9765413403511047
kk	1.000016212463379
ky	0.8997069597244263
kk	1.0000790357589722
kk	0.9975526332855225
kk	0.9994890689849854
kk	0.999747633934021
kk	0.9990261793136597
kk	1.000074863433838
kk	1.0000638961791992
kk	1.0000190734863281
kk	1.0000122785568237
kk	0.999386727809906
kk	1.0000005960464478
kk	0.9987155795097351
kk	0.9999621510505676
kk	0.9926770329475403
kk	0.9975543022155762
kk	1.0000745058059692
kk	1.0000747442245483
kk	0.9998882412910461
kk	0.9995262622833252
kk	0.9998555779457092
kk	1.0000066757202148
kk	0.9999953508377075
kk	0.9831037521362305
kk	0.9999409914016724
kk	1.0000710487365723
kk	0.9999862909317017
kk	1.0000529289245605
kk	0.9818161129951477
kk	1.0000782012939453
kk	0.9974194765090942
kk	0.41858527064323425
kk	0.8839134573936462
kk	0.9991152286529541
kk	0.999783992767334
kk	1.0000081062316895
kk	1.000066876411438
kk	0.9999622702598572
kk	0.9999918341636658
kk	1.0000669956207275
kk	0.9976056814193726
kk	1.000051498413086
kk	1.0000454187393188
kk	0.9973676800727844
kk	0.9999024868011475
kk	1.0000779628753662
kk	0.9956300854682922
kk	0.9998465776443481
kk	1.0000379085540771
kk	0.9992367029190063
kk	0.9977023005485535
kk	0.9976380467414856
kk	1.0000742673873901
kk	0.999599039554596
kk	1.0000303983688354
kk	0.91616290807724
kk	0.999982476234436
kk	0.9306726455688477
kk	0.9996787905693054
kk	0.9579266905784607
kk	0.9966247081756592
kk	0.9978067874908447
kk	0.9954938888549805
kk	0.9990307688713074
kk	0.980226457118988
kk	0.6311174631118774
kk	0.4446280598640442
kk	0.4446280598640442
kk	0.9731469750404358
kk	0.9542565941810608
kk	0.9130899310112
kk	0.9999533295631409
kk	0.9999169707298279
kk	0.9998111724853516
kk	0.7558871507644653
kk	0.9996711015701294
kk	0.9997956156730652
kk	0.9992548823356628
kk	0.9966264367103577
kk	0.9942904114723206
kk	0.9999336004257202
kk	0.9999776482582092
kk	0.9999129772186279
kk	1.0000216960906982
kk	0.900901198387146
kk	0.9997535347938538
kk	0.9900946617126465
kk	1.0000675916671753
kk	0.9999375343322754
kk	1.0000778436660767
kk	0.9999772906303406
kk	1.0000267028808594
kk	0.9997422695159912
kk	0.9377576112747192
kk	0.9876238107681274
kk	0.9999845027923584
kk	0.9980872273445129
kk	1.0000156164169312
kk	0.992616593837738
kk	0.9991188645362854
kk	0.9999651908874512
kk	0.9998229742050171
kk	0.9990925192832947
kk	0.9600131511688232
kk	0.9983691573143005
kk	0.9916865825653076
kk	0.9997552037239075
kk	1.000011920928955
kk	1.0000642538070679
kk	0.9999255537986755
kk	0.9867069721221924
kk	0.9995153546333313
kk	0.994179368019104
kk	0.9878484606742859
kk	1.0000001192092896
kk	0.8689042925834656
kk	0.8954592347145081
kk	0.9970465898513794
kk	0.9918482303619385
kk	0.9776915907859802
kk	0.994739830493927
kk	0.9082204699516296
kk	0.998388409614563
kk	0.9944362044334412
kk	0.9956188201904297
kk	0.9837086200714111
kk	0.9559662938117981
kk	0.9948796033859253
kk	0.9999661445617676
kk	0.9997007250785828
kk	0.9979046583175659
kk	0.9999368786811829
kk	1.0000624656677246
kk	0.9999738335609436
kk	0.9988849759101868
kk	0.9988815784454346
kk	1.000051736831665
kk	1.000077486038208
kk	0.9969506859779358
kk	0.9969506859779358
kk	0.914046049118042
kk	0.9517225623130798
kk	0.9596115946769714
kk	0.9990843534469604
kk	0.9740853905677795
kk	0.5849470496177673
kk	0.9994251728057861
kk	1.000052809715271
kk	0.9992608428001404
kk	0.9983407258987427
kk	1.000033974647522
kk	0.9803571701049805
kk	0.6634897589683533
kk	0.9201193451881409
kk	0.9782887101173401
kk	0.9998577833175659
kk	0.9980876445770264
kk	0.9993720650672913
kk	0.9998014569282532
kk	0.9993141293525696
kk	0.9996351003646851
kk	1.000009298324585
kk	0.997106671333313
kk	0.9981406331062317
kk	0.861350953578949
kk	0.8374894857406616
kk	1.0000747442245483
kk	0.9991548657417297
kk	0.999908447265625
kk	0.990989625453949
kk	0.9776468276977539
kk	0.9162523746490479
kk	0.9998999238014221
kk	0.9974281191825867
kk	0.9996083974838257
kk	0.9980539083480835
kk	0.670974850654602
kk	0.9690968990325928
kk	0.9946372509002686
kk	0.9837377071380615
kk	0.9997162222862244
kk	0.9906638860702515
kk	0.998013436794281
kk	0.9988608956336975
kk	0.9955160021781921
kk	0.9995524287223816
kk	0.9995006322860718
kk	0.9921146631240845
kk	0.9937783479690552
kk	0.9630107283592224
kk	0.9997082352638245
kk	0.9995805621147156
kk	1.0000531673431396
kk	1.0000295639038086
kk	0.9999786615371704
kk	0.9985606670379639
kk	0.987990140914917
kk	0.9940426349639893
kk	0.9994316697120667
kk	0.9990745782852173
kk	1.0000722408294678
kk	1.000046968460083
kk	0.9996260404586792
kk	1.0000146627426147
kk	0.9988035559654236
kk	0.9979498982429504
kk	0.9993210434913635
kk	0.999955952167511
kk	0.9999744892120361
kk	1.0000065565109253
kk	0.9994759559631348
kk	0.9999698400497437
kk	0.9995169639587402
kk	0.9984267950057983
kk	0.9987093806266785
kk	0.9995396733283997
kk	1.0000187158584595
kk	0.996582567691803
kk	0.9978472590446472
kk	0.9938040375709534
kk	0.9999648928642273
kk	0.9993284344673157
kk	0.9982481598854065
kk	0.9991739392280579
kk	0.9960540533065796
kk	0.9998266100883484
kk	0.999937117099762
kk	0.9995542764663696
kk	0.9997146129608154
kk	1.0000559091567993
kk	0.9980005621910095
kk	0.9979918599128723
kk	0.9995641708374023
kk	0.9991135001182556
kk	0.9971969127655029
kk	0.9965227246284485
kk	0.9658460021018982
kk	0.9969272613525391
kk	0.9968547224998474
kk	0.9867017865180969
kk	0.5832700729370117
kk	0.9994029402732849
kk	0.9999511241912842
kk	0.999839186668396
kk	0.9998553395271301
kk	0.9988307952880859
kk	0.9743750691413879
kk	0.662601113319397
kk	0.9989652037620544
kk	0.9958129525184631
kk	0.9636223912239075
kk	0.9953900575637817
kk	0.9996422529220581
kk	0.9984857439994812
kk	0.9988916516304016
kk	0.9989916682243347
kk	0.9999490976333618
kk	0.9700719714164734
kk	0.998489499092102
kk	0.9965589642524719
kk	0.999249279499054
kk	0.9997497797012329
kk	1.0000360012054443
kk	0.9999422430992126
kk	0.999062180519104
kk	0.9999821186065674
kk	0.99898761510849
kk	0.9993953108787537
kk	0.9992408752441406
kk	0.9983270764350891
kk	0.9932928085327148
kk	0.999891459941864
kk	0.9949039220809937
kk	0.9954356551170349
kk	0.9970714449882507
kk	0.9969064593315125
kk	0.9953628778457642
kk	0.994432270526886
kk	0.9957005977630615
kk	0.9991474151611328
kk	0.9809937477111816
kk	0.9991692304611206
kk	0.9997358322143555
kk	0.9994202256202698
kk	0.9999353289604187
kk	1.000060796737671
kk	1.0000401735305786
kk	0.9991055130958557
kk	1.0000755786895752
kk	1.0000672340393066
kk	1.000022053718567
kk	1.000057339668274
kk	0.9996607303619385
kk	1.0000693798065186
kk	0.9998198747634888
kk	0.9999275207519531
kk	0.9999744892120361
kk	0.9937288761138916
kk	0.9999468922615051
kk	1.0000630617141724
kk	0.890526294708252
kk	0.8403397798538208
kk	0.9996031522750854
kk	0.9998528361320496
kk	0.9999945759773254
kk	0.9784747362136841
kk	0.9994412064552307
kk	0.9979904294013977
kk	0.9998717904090881
kk	0.9988721013069153
kk	0.9998874664306641
kk	0.9985880851745605
kk	0.9995981454849243
kk	0.9998170733451843
kk	1.0000417232513428
kk	1.0000032186508179
kk	0.9999338388442993
kk	0.9993874430656433
kk	0.999952495098114
kk	0.9999420642852783
kk	0.9913973212242126
kk	0.9999468326568604
kk	1.0000447034835815
kk	1.0000643730163574
kk	1.0000791549682617
kk	1.0000578165054321
kk	0.9998125433921814
kk	0.9998787641525269
kk	0.9992498755455017
kk	1.0000470876693726
kk	0.9957192540168762
kk	1.0000684261322021
kk	1.000071406364441
kk	0.9999916553497314
kk	0.9993963241577148
kk	1.0000625848770142
kk	0.9980125427246094
kk	0.9958950281143188
kk	0.9978532195091248
kk	0.9146994352340698
kk	0.9989473819732666
kk	0.9998657703399658
kk	1.0000579357147217
kk	0.9981629252433777
kk	0.9999603033065796
kk	0.9998113512992859
kk	0.922248899936676
kk	0.9873591065406799
kk	0.9999786615371704
kk	0.9998273253440857
kk	0.9086929559707642
kk	1.000057578086853
kk	1.0000513792037964
kk	0.9984272122383118
kk	0.9994943737983704
kk	0.9989970326423645
kk	0.9994051456451416
kk	1.0000768899917603
kk	0.9438270926475525
kk	1.000078558921814
kk	0.9686619639396667
kk	0.9704648852348328
kk	0.8839291334152222
kk	0.9995936155319214
kk	1.0000628232955933
kk	0.9996616840362549
kk	0.9998409748077393
kk	1.0000354051589966
kk	0.9999892115592957
kk	1.0000039339065552
kk	0.9954834580421448
kk	0.9967857003211975
kk	0.9911485314369202
kk	0.9981825947761536
kk	0.9987986087799072
kk	0.618901252746582
kk	1.000054955482483
kk	1.0000447034835815
kk	0.9961819052696228
kk	0.6689220070838928
uk	0.6444225311279297
kk	0.9999576210975647
kk	0.9994271397590637
ky	0.3333863914012909
kk	1.0000431537628174
kk	0.9968825578689575
kk	0.645796000957489
kk	1.000014066696167
kk	0.9965970516204834
kk	0.9999433755874634
kk	0.999871551990509
kk	0.9966341853141785
kk	0.9998735189437866
kk	1.0000510215759277
kk	0.999981164932251
kk	0.999876856803894
kk	1.0000728368759155
kk	1.0000766515731812
kk	0.9999802708625793
kk	1.0000731945037842
kk	1.0000159740447998
kk	0.9999416470527649
kk	1.0000252723693848
kk	0.9999682903289795
kk	1.0000215768814087
kk	0.9277848601341248
kk	1.0000423192977905
kk	1.0000691413879395
kk	0.9995560646057129
kk	0.9972675442695618
kk	1.0000731945037842
kk	1.0000524520874023
kk	0.9982457756996155
kk	1.0000759363174438
kk	0.9997203350067139
kk	1.000065803527832
kk	0.9250335097312927
kk	0.9997785091400146
kk	0.9999319911003113
kk	0.999983549118042
kk	0.8846819400787354
kk	1.0000406503677368
kk	0.9988232851028442
kk	1.0000730752944946
kk	1.0000587701797485
kk	1.0000584125518799
kk	0.9993763566017151
kk	0.9994310140609741
kk	1.0000234842300415
kk	0.9980654716491699
kk	0.9999895095825195
kk	0.999955415725708
kk	0.9956972002983093
kk	1.0000007152557373
kk	1.0000567436218262
kk	1.0000745058059692
kk	1.0000730752944946
kk	1.000044345855713
kk	1.000057578086853
kk	1.0000375509262085
kk	1.0000206232070923
kk	0.9979640245437622
kk	1.000071406364441
kk	0.9959957003593445
kk	0.9997376203536987
kk	1.0000498294830322
kk	0.9993841052055359
kk	1.0000629425048828
kk	1.0000128746032715
kk	1.0000591278076172
kk	0.999051034450531
kk	0.9998719692230225
kk	0.9992698431015015
kk	1.0000771284103394
kk	1.0000535249710083
kk	0.8832976818084717
kk	0.9991225004196167
kk	0.9990158677101135
kk	1.0000640153884888
kk	0.9978532791137695
kk	0.9997426271438599
kk	1.0000743865966797
kk	1.0000464916229248
kk	1.0000473260879517
kk	1.0000760555267334
kk	1.0000603199005127
kk	1.0000728368759155
kk	0.9999599456787109
kk	0.9988985657691956
kk	0.9997767210006714
kk	0.9998897314071655
kk	1.0000654458999634
kk	1.0000582933425903
kk	1.000045895576477
kk	0.9999926686286926
kk	0.9904282093048096
kk	0.989859938621521
kk	1.0000712871551514
kk	0.9954591393470764
kk	0.9992831945419312
kk	0.9714261889457703
kk	0.999965250492096
kk	1.0000529289245605
kk	0.999706506729126
kk	1.0000510215759277
kk	0.9954696893692017
kk	1.0000462532043457
kk	0.9999862909317017
kk	1.0000287294387817
kk	1.0000563859939575
kk	1.0000662803649902
kk	0.9995740056037903
kk	0.9999697804450989
kk	1.0000661611557007
kk	0.9997760653495789
kk	0.9843066930770874
kk	0.999704122543335
kk	1.0000399351119995
kk	0.9996322393417358
kk	0.9999611377716064
kk	0.9997656941413879
kk	0.9999293684959412
kk	0.9999722242355347
kk	1.000055193901062
kk	0.9860565662384033
kk	0.9976804256439209
kk	0.9996498823165894
kk	0.9868215322494507
kk	0.999906599521637
kk	0.9980140924453735
kk	0.9993629455566406
kk	0.9976221919059753
kk	0.9999029040336609
kk	0.9999342560768127
kk	1.0000321865081787
kk	0.9998741745948792
kk	0.9991934895515442
kk	1.0000666379928589
kk	0.9996321201324463
kk	1.00007963180542
kk	0.9998045563697815
kk	0.999241292476654
kk	0.9999609589576721
kk	1.000046730041504
kk	1.0000633001327515
kk	1.0000107288360596
kk	0.9999842643737793
kk	1.000044822692871
kk	0.9996806979179382
kk	1.0000624656677246
kk	1.0000665187835693
kk	0.9999412298202515
kk	1.0000355243682861
kk	0.9999843835830688
kk	0.999879777431488
kk	1.0000289678573608
kk	0.9962316751480103
kk	1.0000450611114502
kk	1.0000308752059937
kk	0.9999929070472717
kk	1.0000269412994385
kk	0.9987115859985352
kk	0.9999751448631287
kk	0.9987225532531738
kk	0.9999399185180664
kk	0.9995939135551453
kk	1.0000663995742798
kk	1.0000636577606201
kk	0.9998821020126343
kk	0.9996488690376282
kk	1.0000652074813843
kk	1.0000696182250977
kk	0.9995067119598389
kk	0.9982823729515076
kk	0.9999309182167053
kk	1.0000598430633545
kk	0.9983625411987305
kk	0.9998123049736023
kk	0.8834196925163269
kk	0.999987006187439
kk	0.9996731877326965
kk	0.8144026398658752
kk	0.9993719458580017
kk	0.9960032105445862
kk	0.9999731183052063
kk	1.000014066696167
kk	0.9999955296516418
kk	1.0000497102737427
kk	0.9997048377990723
kk	1.0000602006912231
kk	1.0000717639923096
kk	0.999674379825592
kk	0.9997496008872986
kk	1.0000733137130737
kk	1.0000262260437012
kk	1.0000691413879395
kk	0.9867647290229797
kk	1.000000238418579
kk	1.0000035762786865
kk	1.0000702142715454
kk	1.0000661611557007
kk	0.999118983745575
kk	0.9959802031517029
kk	1.0000648498535156
kk	1.0000709295272827
kk	0.9994938969612122
kk	0.9789210557937622
kk	0.9999520182609558
kk	0.999921441078186
kk	0.9939074516296387
kk	0.9997804164886475
kk	0.9992100596427917
kk	0.9992446899414062
kk	0.9997969269752502
kk	0.9993985891342163
kk	1.0000554323196411
kk	1.0000172853469849
kk	1.000014305114746
kk	0.9733313322067261
kk	1.0000368356704712
kk	0.9981046319007874
kk	0.9970777034759521
kk	0.9998779892921448
kk	0.9879013895988464
kk	0.9861531853675842
kk	1.00001859664917
kk	0.9996607899665833
kk	1.0000473260879517
kk	0.9998546242713928
kk	1.0000500679016113
kk	1.0000107288360596
kk	0.999349057674408
kk	0.999947190284729
kk	0.9999750852584839
kk	0.9982889294624329
kk	0.999704122543335
kk	0.9999305605888367
kk	1.000066876411438
kk	1.0000685453414917
kk	1.0000215768814087
kk	0.9999719262123108
kk	0.9996520280838013
kk	0.9998528957366943
kk	0.998884916305542
kk	1.0000660419464111
kk	0.9992938041687012
kk	1.0000643730163574
kk	1.000016450881958
kk	1.0000673532485962
kk	0.9991860389709473
kk	0.9978762865066528
kk	1.000069260597229
kk	0.999988317489624
kk	0.9997462630271912
kk	1.000065565109253
kk	0.9999470710754395
kk	0.9991125464439392
kk	0.9994865655899048
kk	1.00006103515625
kk	0.9999817609786987
kk	1.0000663995742798
kk	0.9984070062637329
kk	0.999549925327301
kk	0.9993528127670288
kk	1.0000698566436768
kk	1.000046730041504
kk	0.99989253282547
kk	0.9622185826301575
kk	1.0000594854354858
kk	0.9991068243980408
kk	0.9999784231185913
kk	0.9878968596458435
kk	1.0000709295272827
kk	1.000022292137146
kk	0.9999203085899353
kk	0.9995229244232178
kk	0.9998992681503296
kk	0.9763199090957642
kk	1.0000030994415283
kk	0.9999405741691589
kk	0.9994880557060242
kk	1.0000094175338745
kk	1.0000033378601074
kk	0.9999306797981262
kk	1.0000672340393066
kk	1.0000308752059937
kk	1.0000015497207642
kk	1.0000449419021606
kk	0.9998151659965515
kk	1.0000708103179932
kk	1.0000667572021484
kk	1.000000238418579
kk	0.9999954700469971
kk	1.0000391006469727
kk	1.000012755393982
kk	1.0000596046447754
kk	0.9993764162063599
kk	0.9993634223937988
kk	1.0000475645065308
kk	0.9994708299636841
kk	1.0000405311584473
kk	0.9985226392745972
kk	0.9998084902763367
kk	0.9650385975837708
kk	1.0000404119491577
kk	1.0000547170639038
kk	0.9505854249000549
kk	0.9078141450881958
kk	0.9824365377426147
kk	0.9999489784240723
kk	0.9999193549156189
kk	0.9998745322227478
kk	0.9998024702072144
kk	1.0000795125961304
kk	0.9997731447219849
kk	0.9996795058250427
kk	0.9997398853302002
kk	0.9987993240356445
uk	0.4517175853252411
kk	0.9997686147689819
kk	0.9999349117279053
kk	1.0000762939453125
kk	1.0000739097595215
kk	1.0000665187835693
kk	0.9999205470085144
kk	0.9999644756317139
kk	0.9987831115722656
kk	1.0000758171081543
kk	0.9996486902236938
kk	0.9508594274520874
kk	0.9200259447097778
kk	1.0000629425048828
kk	0.9993530511856079
kk	0.9995972514152527
kk	0.999212920665741
kk	0.9831015467643738
kk	0.9999803900718689
kk	1.000032901763916
kk	1.0000581741333008
kk	1.000009298324585
kk	0.9998987913131714
tt	0.8725589513778687
kk	0.9997521638870239
kk	1.000032901763916
kk	1.0000557899475098
kk	0.9989510178565979
kk	0.9988201260566711
kk	1.0000544786453247
kk	1.000076413154602
kk	0.997519850730896
kk	0.9999890923500061
kk	1.0000615119934082
kk	1.0000495910644531
kk	0.998259961605072
kk	1.0000706911087036
kk	1.0000513792037964
kk	1.000033974647522
kk	1.0000596046447754
kk	1.0000749826431274
kk	0.9966511726379395
kk	0.9989287257194519
kk	1.000075101852417
kk	1.0000715255737305
kk	0.9998030066490173
kk	1.0000513792037964
kk	1.0000636577606201
kk	1.0000107288360596
kk	1.0000368356704712
kk	0.9999579787254333
kk	1.0000696182250977
kk	1.0000088214874268
kk	0.9996947050094604
kk	0.9999667406082153
kk	1.000075340270996
kk	0.9991114735603333
kk	0.810127854347229
kk	1.0000455379486084
kk	0.9999102354049683
kk	1.0000622272491455
kk	0.9941724538803101
kk	0.9993874430656433
kk	0.9971525073051453
kk	0.9991422295570374
kk	1.0000501871109009
kk	0.9999839067459106
kk	0.9979405403137207
kk	1.0000489950180054
kk	0.9999544024467468
kk	1.0000427961349487
kk	0.9994540810585022
kk	0.9998331069946289
kk	1.0000673532485962
kk	0.9999821782112122
kk	0.9999592900276184
kk	0.9928078055381775
kk	0.9999273419380188
kk	0.9591402411460876
kk	0.9987522959709167
kk	0.9999874830245972
kk	1.0000675916671753
kk	0.999952495098114
kk	1.0000715255737305
kk	1.0000741481781006
kk	1.0000548362731934
kk	0.9983596801757812
kk	1.0000642538070679
kk	0.9995865821838379
kk	1.0000512599945068
kk	1.0000501871109009
kk	0.9992231130599976
kk	0.9994175434112549
kk	0.9972404837608337
kk	1.000030755996704
kk	0.999995768070221
kk	0.9998903870582581
kk	0.9999527931213379
kk	0.9999977350234985
kk	0.9863839149475098
kk	0.9999489188194275
kk	0.9994746446609497
kk	0.9925199151039124
kk	1.0000303983688354
kk	1.0000094175338745
kk	0.9957962036132812
kk	1.0000410079956055
kk	0.9999452233314514
kk	1.000077724456787
kk	0.999972403049469
kk	0.999137282371521
kk	0.9023289680480957
kk	1.0000615119934082
kk	0.9978783130645752
kk	0.9273219704627991
kk	0.9961775541305542
kk	0.9985350966453552
kk	0.9998100996017456
kk	0.9998188614845276
kk	0.9532582759857178
kk	0.9998973608016968
kk	0.823610782623291
kk	0.9997519850730896
kk	1.0000247955322266
kk	0.9994103312492371
kk	1.000014066696167
kk	0.9999213814735413
kk	0.9993636608123779
kk	0.9994446039199829
kk	1.0000276565551758
kk	0.9919887781143188
kk	0.9999391436576843
kk	1.0000263452529907
kk	0.9885716438293457
kk	0.9947205185890198
kk	0.9999903440475464
kk	1.0000593662261963
kk	0.9997610449790955
kk	0.9999951720237732
kk	0.988470733165741
kk	0.999733567237854
kk	0.999888002872467
kk	0.9826623201370239
kk	1.0000712871551514
kk	0.9996238946914673
kk	1.000075101852417
kk	0.9991248250007629
kk	1.0000555515289307
kk	0.9998664259910583
kk	0.9989939332008362
kk	1.0000437498092651
kk	0.9978804588317871
kk	1.0000554323196411
kk	0.9896776080131531
kk	0.9999635219573975
kk	0.9999580979347229
kk	0.9997536540031433
kk	1.0000284910202026
kk	0.9999451637268066
kk	0.9995837211608887
kk	0.9932892918586731
kk	0.9998663067817688
kk	0.9996611475944519
kk	1.0000226497650146
kk	0.9999998807907104
kk	1.0000759363174438
kk	0.9999708533287048
kk	0.9998539090156555
kk	1.0000660419464111
kk	0.9980181455612183
kk	0.8674408793449402
kk	0.9998186230659485
kk	0.9998111128807068
kk	0.9995651245117188
ky	0.9074157476425171
kk	0.9999675154685974
kk	0.9996718168258667
kk	1.0000118017196655
kk	0.9979738593101501
kk	0.9995123744010925
kk	0.9954156279563904
kk	0.6566093564033508
kk	1.0000275373458862
kk	1.0000178813934326
kk	0.9391961693763733
kk	0.6122667193412781
kk	0.9996859431266785
ky	0.3802168667316437
kk	0.9738002419471741
kk	0.9738002419471741
kk	0.9997255206108093
kk	0.9008886814117432
kk	0.991914689540863
kk	0.9931995868682861
kk	0.9998732805252075
kk	0.9846242070198059
kk	0.9999328255653381
kk	1.000071406364441
kk	0.999721884727478
kk	0.9998383522033691
kk	1.0000375509262085
kk	1.000034213066101
kk	0.9998727440834045
kk	0.9999117255210876
kk	1.0000295639038086
kk	0.9995871782302856
kk	0.9998823404312134
kk	0.9999940991401672
kk	0.9962947368621826
kk	1.0000596046447754
kk	0.9996885061264038
kk	0.9939219355583191
kk	0.9998493790626526
kk	1.0000615119934082
kk	0.9980707168579102
kk	0.9999232292175293
kk	0.9997082352638245
kk	0.9998091459274292
kk	0.9975640773773193
kk	0.9971134066581726
kk	0.9965047836303711
kk	0.9992697238922119
kk	0.9998301863670349
kk	1.0000646114349365
kk	1.0000141859054565
kk	0.999565839767456
kk	1.0000444650650024
kk	0.999998927116394
kk	1.0000334978103638
kk	1.000037431716919
kk	1.000066876411438
kk	1.0000449419021606
kk	1.0000745058059692
kk	0.619429886341095
kk	0.9999932050704956
kk	1.0000544786453247
kk	0.9997225999832153
kk	1.0000299215316772
kk	1.000010371208191
kk	1.000062346458435
kk	0.9996815323829651
kk	0.9997850656509399
kk	0.9998452663421631
kk	0.9967250823974609
kk	0.9996813535690308
kk	0.9999194145202637
kk	1.0000756978988647
kk	1.000066876411438
kk	1.0000519752502441
kk	1.0000674724578857
kk	0.9993213415145874
kk	0.9999825954437256
kk	0.9999694228172302
kk	0.9994794726371765
kk	1.0000331401824951
kk	0.9999270439147949
kk	0.9969252943992615
kk	0.996368944644928
kk	0.9997766613960266
kk	0.9999133348464966
kk	1.0000531673431396
kk	0.9998694062232971
kk	0.9981729388237
kk	0.9988853335380554
kk	0.9998856782913208
kk	0.9999379515647888
kk	1.000001072883606
kk	0.9977613091468811
kk	0.8691510558128357
kk	0.9625719785690308
kk	0.9621991515159607
kk	0.9995514750480652
kk	0.9977160692214966
kk	0.9998783469200134
kk	0.9509501457214355
kk	0.9996772408485413
kk	1.000036358833313
kk	0.999862790107727
ru	0.573627233505249
kk	0.7244417071342468
kk	1.0000696182250977
kk	0.9726993441581726
kk	0.9726993441581726
kk	0.9880377054214478
kk	0.9953034520149231
kk	0.9999038577079773
kk	0.9967879056930542
kk	0.9999565482139587
kk	1.0000194311141968
kk	0.9998504519462585
kk	1.000036597251892
kk	0.9996954202651978
kk	1.000022530555725
kk	0.9987255930900574
kk	1.0000665187835693
kk	0.9997059106826782
kk	0.9959405064582825
kk	0.9989355206489563
kk	0.9617599248886108
kk	0.9971176981925964
kk	0.9999796748161316
kk	0.9905436635017395
kk	0.8860297203063965
kk	0.5762283205986023
kk	0.8141299486160278
kk	0.9879404902458191
kk	0.8057374358177185
kk	0.9878308773040771
kk	0.9950584769248962
kk	0.9998449087142944
kk	0.9760212302207947
kk	0.9999079704284668
kk	0.9980071783065796
kk	0.9997333288192749
kk	0.9969661831855774
kk	0.9998044967651367
kk	0.925364077091217
kk	0.9965521693229675
kk	0.9952555894851685
kk	0.9625566601753235
ru	0.6555207967758179
ru	0.6555207967758179
kk	0.5573598742485046
kk	0.9135403037071228
kk	0.7771086692810059
kk	0.724682092666626
kk	0.8010675311088562
kk	0.9893877506256104
kk	0.9893877506256104
kk	0.9935466051101685
kk	0.8131406903266907
kk	0.8343998193740845
kk	0.8268941640853882
kk	0.849189817905426
tt	0.7412500977516174
kk	0.9999852776527405
kk	1.0000635385513306
kk	0.9999449849128723
kk	0.9994996786117554
kk	1.0000184774398804
kk	0.9992576837539673
ru	0.6377793550491333
kk	0.9987085461616516
kk	0.9936379194259644
kk	0.9988558292388916
kk	0.9990438222885132
kk	0.992133378982544
kk	1.0000334978103638
kk	0.9993821978569031
kk	0.8789892196655273
kk	0.9999030828475952
kk	1.0000665187835693
kk	0.9994513392448425
kk	1.0000113248825073
kk	0.9862645268440247
kk	0.5437185168266296
kk	0.9987233281135559
kk	0.8748466372489929
kk	0.9977042078971863
kk	0.9986705183982849
kk	0.8802809715270996
kk	0.9853230714797974
kk	1.0000743865966797
kk	0.9995285272598267
kk	0.9999107718467712
kk	0.9981845021247864
kk	0.999329686164856
kk	0.9990866184234619
kk	0.9999882578849792
kk	0.999944269657135
kk	0.9954829812049866
kk	0.9855459928512573
kk	1.0000673532485962
kk	0.8671079874038696
kk	0.9998438954353333
kk	1.0000699758529663
kk	1.0000654458999634
kk	0.9691000580787659
kk	0.9985466599464417
kk	0.983354389667511
kk	0.9678348302841187
kk	0.9942518472671509
kk	0.9997832775115967
kk	1.0000641345977783
kk	0.9985226392745972
kk	0.9847604036331177
kk	0.981411337852478
kk	1.0000230073928833
kk	1.0000168085098267
kk	0.8229286074638367
kk	0.9866768717765808
uk	0.6303170919418335
kk	0.5708677172660828
kk	0.9913539290428162
kk	1.0000710487365723
kk	0.9996288418769836
kk	0.9911207556724548
kk	0.9999813437461853
kk	0.9997787475585938
kk	0.9992757439613342
kk	0.9992757439613342
kk	0.6225369572639465
kk	0.9673360586166382
kk	0.9891600012779236
kk	0.9920569658279419
kk	1.000062346458435
kk	0.9982437491416931
kk	0.9999121427536011
kk	0.9999163746833801
tt	0.5645530223846436
uk	0.9766398072242737
kk	0.603130042552948
kk	0.9974478483200073
kk	0.9844072461128235
kk	0.9998136162757874
kk	0.8456246852874756
kk	0.9629979133605957
kk	0.9998751878738403
kk	0.9744076728820801
kk	0.9812917709350586
kk	0.9989129304885864
kk	0.9998193383216858
kk	1.0000091791152954
kk	0.994013786315918
kk	0.9683006405830383
kk	0.5015020370483398
kk	0.7822234034538269
kk	0.995910108089447
kk	0.9945031404495239
kk	0.9999909996986389
kk	0.9984548687934875
kk	0.9169305562973022
kk	0.7885856032371521
kk	0.9936739802360535
kk	0.8424215912818909
kk	0.9976676106452942
uk	0.6242796778678894
kk	0.9740207195281982
tt	0.5531846284866333
kk	0.9986302852630615
kk	0.999923050403595
kk	0.9998005032539368
kk	0.8881023526191711
kk	0.997184157371521
kk	0.9999136328697205
kk	0.9996905326843262
kk	1.0000423192977905
kk	0.9951170086860657
kk	0.9995200037956238
kk	0.999816358089447
kk	1.0000559091567993
kk	0.9785619378089905
kk	0.9984779357910156
kk	0.9451894760131836
kk	1.0000767707824707
kk	1.0000344514846802
kk	0.996174156665802
kk	0.9988359808921814
kk	0.9313649535179138
kk	0.997203528881073
kk	0.9995802044868469
kk	0.9999654293060303
kk	0.9999884963035583
ru	0.39124664664268494
kk	0.8639184236526489
kk	0.9990666508674622
kk	0.9954805970191956
kk	0.9934195280075073
kk	0.9955187439918518
kk	1.0000684261322021
kk	0.9998162984848022
kk	0.9982041120529175
kk	0.9996761083602905
kk	0.9675350189208984
kk	0.9990922808647156
kk	0.875771701335907
kk	0.456561803817749
kk	0.9413260221481323
kk	0.981720507144928
kk	0.9999315738677979
kk	0.8191215991973877
kk	0.9996102452278137
kk	0.9127046465873718
kk	0.9999955296516418
kk	0.9401878714561462
kk	0.9738554358482361
kk	0.9976226091384888
kk	0.9987053871154785
kk	0.9999445676803589
kk	0.9992353916168213
kk	0.9986359477043152
kk	0.9920108914375305
kk	0.8342123031616211
kk	0.9124823212623596
kk	0.49220314621925354
kk	0.9811080098152161
kk	0.9955182671546936
kk	0.9691023230552673
kk	0.9762067198753357
kk	0.9064773917198181
ru	0.5172950625419617
kk	0.8338449597358704
kk	0.9841510653495789
kk	0.797829806804657
kk	0.9047462940216064
kk	0.7694926857948303
kk	0.9468680620193481
kk	1.0000109672546387
kk	0.9995718002319336
kk	0.726571798324585
kk	0.996171236038208
kk	0.678169846534729
fi	0.8308529853820801
kk	0.9989964962005615
kk	0.9947090744972229
kk	0.6348022818565369
kk	0.9864935278892517
kk	0.9981513619422913
kk	0.962548017501831
kk	0.9981862306594849
kk	0.9957449436187744
kk	0.9998255968093872
kk	0.9783916473388672
kk	0.7569112181663513
kk	0.918633759021759
kk	0.9014403820037842
kk	0.957899272441864
kk	0.9985073804855347
kk	0.995313286781311
kk	0.9898329377174377
kk	0.9602646231651306
kk	0.9917477369308472
kk	0.8924505114555359
kk	0.9985270500183105
kk	0.9990695118904114
kk	0.9994575381278992
kk	0.9997772574424744
kk	0.9693763256072998
kk	0.8629492521286011
kk	0.9996548295021057
kk	0.7041095495223999
kk	1.0000219345092773
kk	0.9448561072349548
kk	0.533719003200531
kk	0.9993221759796143
kk	0.9993221759796143
kk	0.9986036419868469
kk	0.9999628067016602
kk	1.0000331401824951
kk	1.000015377998352
kk	1.000015377998352
kk	1.0000100135803223
kk	0.9869982004165649
kk	0.9789947271347046
uk	0.6736094355583191
kk	0.9989106059074402
kk	0.9804794788360596
kk	0.9691000580787659
sah	0.6550847887992859
kk	0.9996361136436462
kk	1.0000596046447754
kk	0.9976167678833008
kk	0.9953470230102539
kk	0.9675350189208984
kk	1.0000039339065552
kk	0.9999271035194397
kk	0.9905051589012146
kk	0.999838650226593
kk	0.9995718002319336
kk	0.9995718002319336
kk	1.0000401735305786
kk	1.0000488758087158
az	0.1821037232875824
kk	0.8972851037979126
kk	1.0000641345977783
kk	1.0000683069229126
kk	0.9991550445556641
kk	0.9985730051994324
kk	0.9980776906013489
kk	0.9923244118690491
kk	0.9911340475082397
kk	1.0000661611557007
kk	0.9991230964660645
kk	0.9980601668357849
kk	0.9925007224082947
kk	0.9999763369560242
kk	0.9872075319290161
kk	0.9400268197059631
kk	0.9779307246208191
kk	0.9991393685340881
kk	0.9995368719100952
kk	0.9979932308197021
kk	0.9999765157699585
kk	0.9892785549163818
kk	1.0000402927398682
kk	1.0000133514404297
kk	0.9987106919288635
kk	0.9926421046257019
kk	0.8676960468292236
kk	0.9998996257781982
kk	0.9979850649833679
mk	0.43775543570518494
kk	1.0000559091567993
kk	0.998428225517273
kk	0.9934857487678528
kk	1.0000444650650024
kk	0.9996753931045532
kk	1.000056266784668
kk	0.9923356771469116
kk	1.0000405311584473
kk	0.9993667006492615
kk	0.994105875492096
kk	0.5175762176513672
kk	1.0000433921813965
kk	0.9697346091270447
ky	0.3989700973033905
kk	0.9996281862258911
kk	1.0000572204589844
kk	0.9995583891868591
kk	1.000077724456787
kk	0.999232292175293
kk	0.9899935722351074
kk	0.9993959069252014
kk	0.9971569776535034
kk	0.9972448945045471
kk	1.00006103515625
kk	0.9999744892120361
kk	0.9519823789596558
kk	0.9986969828605652
kk	0.7444776296615601
kk	0.9909211993217468
kk	0.9991850256919861
uk	0.5744863152503967
kk	0.9998805522918701
kk	0.9999212026596069
kk	1.0000675916671753
kk	0.9990286827087402
uk	0.48336169123649597
kk	0.9883745908737183
kk	0.8431022763252258
kk	0.9357683062553406
kk	1.000072956085205
kk	0.8403668403625488
kk	0.9986220002174377
kk	1.0000420808792114
kk	0.9900454878807068
kk	0.9924439787864685
kk	0.9995001554489136
kk	0.9830180406570435
kk	0.9990752339363098
kk	0.9999375939369202
uk	0.3279842734336853
kk	0.9999658465385437
kk	0.9977219700813293
kk	0.995168924331665
kk	0.9999355673789978
kk	0.9970850348472595
kk	0.9553077220916748
kk	0.8744401931762695
kk	0.884623110294342
kk	1.0000014305114746
kk	1.0000169277191162
kk	0.9999464154243469
kk	0.9948045611381531
tt	0.43497076630592346
kk	1.0000735521316528
kk	1.000074028968811
kk	0.9675401449203491
kk	0.999849259853363
kk	0.9889574646949768
kk	0.999508261680603
kk	0.9989745020866394
kk	0.9998937845230103
kk	1.0000611543655396
kk	0.7597082257270813
kk	1.0000238418579102
kk	1.0000596046447754
kk	1.0000747442245483
kk	0.9867509603500366
kk	1.0000733137130737
kk	0.9995686411857605
kk	0.999799370765686
kk	0.9656497240066528
kk	0.9999822378158569
kk	0.8571927547454834
kk	0.9961835741996765
kk	0.9987074732780457
kk	0.9999510645866394
kk	0.9983496069908142
kk	0.7965176105499268
kk	0.999830424785614
kk	0.9963724613189697
kk	0.9015693068504333
kk	0.990144670009613
kk	1.0000561475753784
kk	0.9888381958007812
kk	0.9976007342338562
kk	0.9977399706840515
ru	0.6091700196266174
kk	1.0000543594360352
kk	0.9999964833259583
kk	0.9993767142295837
kk	0.9789487719535828
kk	0.8528316617012024
kk	1.0000635385513306
kk	0.999527633190155
bg	0.4426754117012024
kk	1.0000187158584595
kk	0.9999961256980896
kk	0.9999792575836182
bg	0.791573166847229
kk	0.7723212242126465
kk	0.9951654076576233
kk	1.000075101852417
kk	0.9900296926498413
kk	0.9993239641189575
kk	0.9992877840995789
kk	0.8881959319114685
kk	0.9995019435882568
kk	0.984263002872467
kk	0.99989914894104
kk	1.0000529289245605
kk	0.9993034601211548
kk	0.9990169405937195
kk	0.8419592976570129
kk	0.9988261461257935
kk	0.9950737953186035
kk	0.9972039461135864
kk	1.0000652074813843
kk	0.987101137638092
kk	0.9994707703590393
kk	0.8478739857673645
kk	0.8889615535736084
kk	0.998814582824707
kk	0.9999244213104248
kk	0.9605433940887451
tt	0.28873029351234436
kk	1.000070571899414
kk	0.8603813052177429
ru	0.8633361458778381
kk	0.9305286407470703
kk	0.9997499585151672
kk	0.5746878385543823
kk	0.9987689852714539
kk	0.9999513030052185
kk	0.5203832983970642
kk	0.9947803616523743
kk	0.9923256039619446
kk	0.9998833537101746
kk	0.9955159425735474
kk	0.9997013211250305
kk	0.8517181873321533
kk	0.9994061589241028
kk	0.9060817360877991
kk	0.9999312162399292
kk	1.0000110864639282
kk	0.9979510307312012
kk	0.9999102354049683
kk	1.0000553131103516
kk	0.9803687334060669
kk	0.8764014840126038
kk	1.0000417232513428
kk	0.9951951503753662
kk	0.9994817972183228
kk	0.7296215295791626
kk	1.0000509023666382
kk	0.8552674651145935
kk	1.0000249147415161
kk	0.8649134039878845
kk	0.7515637874603271
kk	1.0000625848770142
kk	0.9993654489517212
kk	0.9995445609092712
kk	0.7425697445869446
kk	0.9999827742576599
kk	0.9972535371780396
kk	0.9950559735298157
kk	0.9907956719398499
kk	0.9955438375473022
kk	1.0000407695770264
kk	1.0000673532485962
kk	1.0000728368759155
kk	0.9812690615653992
kk	1.000026822090149
kk	0.9898124933242798
ky	0.7650357484817505
kk	0.9487267136573792
kk	0.9286191463470459
kk	0.9998102188110352
kk	0.993211567401886
kk	0.9992589354515076
kk	0.9965084791183472
kk	0.9999321699142456
kk	0.9957906007766724
kk	0.9983589053153992
kk	1.0000735521316528
kk	0.9991310834884644
kk	0.9991281032562256
kk	0.9817384481430054
kk	0.6648945212364197
kk	0.9757645130157471
kk	0.999802827835083
kk	0.6588453054428101
kk	0.9842134118080139
kk	0.6966577768325806
kk	0.9999906420707703
kk	1.000052571296692
kk	0.9993283152580261
kk	0.9955597519874573
kk	0.999544084072113
kk	0.9999369382858276
kk	0.9994186758995056
kk	0.9985072016716003
kk	0.7081756591796875
kk	0.9997509121894836
kk	0.9252116680145264
kk	1.0000736713409424
kk	0.9997444152832031
kk	0.9987354278564453
kk	0.9995561838150024
kk	0.9998480081558228
kk	0.6639336943626404
kk	0.9999239444732666
kk	0.9997278451919556
kk	0.9999297857284546
kk	1.0000115633010864
kk	0.9891616106033325
kk	0.9408557415008545
kk	0.8206626772880554
kk	0.9966232180595398
kk	0.9757513999938965
kk	0.9999492168426514
kk	0.9216123819351196
kk	0.9816500544548035
kk	0.9980383515357971
kk	1.0000792741775513
kk	1.0000554323196411
kk	0.8618911504745483
kk	1.000003457069397
kk	0.9990620613098145
kk	0.9864464402198792
kk	0.9999971389770508
kk	0.9993536472320557
kk	1.000065565109253
kk	0.9999830722808838
kk	0.9334143996238708
kk	0.9995267987251282
kk	0.9932863712310791
kk	0.9998745322227478
kk	0.9999874234199524
kk	0.9993793964385986
kk	0.9996203184127808
kk	1.0000656843185425
kk	0.9954132437705994
kk	0.828213095664978
kk	0.8998103737831116
kk	1.0000762939453125
kk	1.000056505203247
kk	0.9384559988975525
kk	0.9994284510612488
kk	0.9958118200302124
kk	0.9837144613265991
kk	0.9774038195610046
kk	0.9998389482498169
kk	0.9994494915008545
kk	0.933064877986908
kk	0.9940734505653381
kk	0.9999693036079407
kk	0.9877124428749084
kk	0.9994508028030396
kk	0.9999145865440369
kk	0.9424065351486206
kk	0.9984285235404968
kk	0.9673789143562317
kk	0.9971607327461243
kk	1.000069260597229
kk	0.9991249442100525
kk	0.9998944401741028
uk	0.9406266808509827
kk	1.000076413154602
kk	0.9902310371398926
kk	0.9893614053726196
kk	0.8572991490364075
kk	1.000055193901062
kk	0.9988124370574951
kk	0.9998701810836792
kk	0.9979453086853027
uk	0.44851019978523254
kk	0.9538924694061279
kk	0.9999072551727295
kk	0.9633347988128662
kk	1.0000685453414917
kk	0.998623788356781
kk	0.9066194891929626
kk	0.9948551058769226
kk	0.999485194683075
kk	0.6925687789916992
kk	0.9994405508041382
kk	0.998627781867981
kk	0.9970501661300659
kk	0.999707818031311
kk	0.9667160511016846
kk	0.9810542464256287
kk	0.8496800661087036
kk	0.9936994314193726
kk	0.9988758563995361
kk	0.5058047771453857
kk	1.0000035762786865
kk	0.9893906712532043
kk	0.7376586198806763
kk	0.9462145566940308
kk	0.4637022912502289
kk	0.615342915058136
kk	0.9804115295410156
kk	0.8864255547523499
kk	0.9999097585678101
kk	0.991541862487793
kk	0.9725952744483948
kk	0.9999551773071289
kk	0.9999989867210388
kk	0.4754470884799957
kk	1.0000379085540771
kk	0.9752539992332458
kk	0.9844143986701965
kk	0.9594430327415466
kk	0.999016523361206
kk	0.9875765442848206
kk	0.9998795390129089
kk	0.9831955432891846
kk	0.9875327348709106
kk	0.9935490489006042
kk	0.9850231409072876
tt	0.410324364900589
ky	0.3769831955432892
kk	1.0000554323196411
kk	0.9934021234512329
kk	0.9999273419380188
kk	1.0000159740447998
kk	0.9786930084228516
kk	0.9823340773582458
kk	1.0000388622283936
kk	0.7080438733100891
kk	0.9982616305351257
kk	1.000045895576477
kk	0.9646980166435242
kk	0.9999368786811829
kk	0.9996896386146545
kk	0.9993675351142883
kk	0.7242851257324219
kk	0.999466061592102
kk	0.9970301985740662
kk	0.9992552995681763
kk	0.9832159876823425
kk	0.9924517273902893
kk	0.9993449449539185
kk	1.0000394582748413
kk	0.9999231696128845
tt	0.49363526701927185
kk	0.9994627237319946
kk	0.9748905301094055
kk	0.9984478950500488
kk	1.000052809715271
kk	0.7860831022262573
kk	0.9871640205383301
kk	0.9998221397399902
kk	0.6503567695617676
uk	0.7426923513412476
kk	0.8150882124900818
kk	0.8016546368598938
kk	0.9352050423622131
kk	0.9586149454116821
kk	0.747532844543457
kk	0.9985722899436951
kk	1.0000746250152588
kk	1.000071406364441
tt	0.5400503277778625
kk	0.6166698336601257
kk	1.0000512599945068
kk	0.9932385087013245
kk	0.7513537406921387
kk	0.9987941384315491
tt	0.5243002772331238
kk	0.989872932434082
kk	0.9995010495185852
kk	0.9989606738090515
kk	0.9998966455459595
kk	0.9998249411582947
kk	0.972353994846344
kk	0.9940695762634277
kk	0.9954477548599243
kk	1.000063419342041
kk	1.0000441074371338
kk	0.9846187829971313
kk	0.9985504150390625
kk	0.9994425177574158
kk	0.9983261823654175
kk	0.8029672503471375
kk	0.9998846650123596
kk	0.9777954816818237
kk	0.8294398784637451
kk	0.8360738158226013
kk	0.8598535656929016
kk	1.0000499486923218
kk	0.997811496257782
kk	0.7799371480941772
kk	0.8505790829658508
kk	0.6159517765045166
kk	0.9225375652313232
kk	0.9952002167701721
kk	1.000078558921814
kk	0.9995179176330566
kk	0.907293438911438
kk	0.9820702075958252
kk	1.0000160932540894
kk	0.9821992516517639
kk	0.9953996539115906
kk	0.9980598092079163
kk	0.9998945593833923
kk	0.9559065103530884
kk	0.9990402460098267
kk	0.9995281100273132
kk	1.0000133514404297
kk	0.9901536703109741
kk	0.9641070365905762
kk	0.9999993443489075
kk	0.9831620454788208
kk	0.865524411201477
kk	0.6831255555152893
kk	1.0000766515731812
kk	0.9996011853218079
kk	0.9965139627456665
kk	0.999605119228363
kk	0.9932621121406555
kk	0.805932343006134
kk	1.000047206878662
kk	0.9941357374191284
kk	1.000059723854065
kk	0.9999497532844543
kk	0.9634024500846863
kk	1.0000792741775513
kk	0.9809085130691528
kk	0.9983142614364624
kk	0.8858629465103149
kk	0.9997920989990234
kk	0.9782492518424988
kk	0.9997567534446716
kk	0.9995372891426086
kk	0.7930266261100769
kk	1.0000499486923218
kk	0.982300341129303
kk	1.00006902217865
kk	0.9115502834320068
kk	0.9715191125869751
kk	0.9982853531837463
kk	0.9911948442459106
kk	0.8995680809020996
kk	1.0000431537628174
kk	0.7884382009506226
kk	1.0000590085983276
kk	0.9999645948410034
kk	0.9999707341194153
kk	0.9970376491546631
kk	0.9989810585975647
kk	0.9986119866371155
kk	0.9307442307472229
ru	0.4696887731552124
kk	0.9978702664375305
kk	1.0000710487365723
kk	0.9482527375221252
kk	1.0000606775283813
kk	0.9966569542884827
kk	1.0000592470169067
kk	0.7448372840881348
kk	0.9991928935050964
kk	0.9902588129043579
kk	0.9991529583930969
kk	1.00004243850708
kk	0.3084515631198883
kk	0.9521368145942688
kk	0.9932991862297058
kk	1.0000731945037842
kk	1.0000743865966797
kk	0.9991945624351501
kk	0.999878466129303
kk	0.9800139665603638
kk	0.6172814965248108
kk	1.0000431537628174
kk	1.0000662803649902
kk	0.988555908203125
kk	0.9904479384422302
kk	0.9648960828781128
kk	0.9988967776298523
kk	0.9646650552749634
kk	0.9896160960197449
kk	0.9625180959701538
kk	0.9966444969177246
kk	0.9748196601867676
kk	1.000056505203247
kk	0.9485629200935364
kk	1.000063419342041
kk	0.9848049283027649
kk	1.0000495910644531
kk	0.5712515711784363
kk	0.9756374359130859
kk	0.9994710683822632
kk	0.9973780512809753
kk	0.9989425539970398
kk	0.9996447563171387
kk	0.8756688833236694
ru	0.501365065574646
kk	0.9997531175613403
kk	1.0000678300857544
kk	1.0000628232955933
kk	0.9987001419067383
kk	0.9964427947998047
kk	0.976733922958374
kk	0.9394938945770264
kk	1.000059723854065
kk	0.4441761076450348
kk	0.9625523090362549
kk	0.8842715620994568
kk	0.9995083212852478
kk	0.9968255162239075
kk	0.9983741641044617
kk	1.0000258684158325
kk	0.9972168207168579
kk	1.000067949295044
kk	0.9876585006713867
kk	0.8811507225036621
kk	0.9999486804008484
kk	0.9960520267486572
kk	0.9999125003814697
kk	0.9999353289604187
kk	0.9975391626358032
kk	1.0000712871551514
kk	0.9994261860847473
kk	0.9999127388000488
kk	0.9875922799110413
kk	0.7269026041030884
kk	0.9852244853973389
kk	1.0000600814819336
kk	0.9973262548446655
kk	0.9986487627029419
kk	0.9930108189582825
kk	0.9998549222946167
ru	0.422527939081192
kk	0.9944392442703247
kk	1.0000085830688477
kk	0.9994564056396484
kk	0.9991565942764282
kk	0.9958170652389526
kk	0.9978470206260681
kk	0.9996212720870972
kk	0.9996358156204224
kk	0.9999489784240723
kk	0.8813342452049255
kk	0.7449365854263306
kk	0.9886600375175476
kk	0.9990498423576355
kk	1.0000553131103516
kk	0.897662878036499
kk	1.0000689029693604
kk	1.000022530555725
kk	0.8514041900634766
kk	0.9913580417633057
kk	0.9856606125831604
kk	0.9996071457862854
kk	0.9934623837471008
kk	1.0000444650650024
kk	0.9996901750564575
kk	0.8488171100616455
uk	0.824217677116394
kk	0.9994946718215942
ru	0.7536448240280151
kk	0.8389517068862915
kk	0.9999513626098633
kk	0.9999817609786987
kk	0.9958959817886353
kk	0.9997855424880981
kk	1.0000264644622803
kk	0.9972037672996521
kk	1.0000717639923096
kk	0.9999427795410156
kk	0.99896639585495
kk	0.8476241827011108
tt	0.5028365850448608
kk	0.985292911529541
kk	1.0000067949295044
kk	0.9956499338150024
ru	0.6770551204681396
kk	0.9960614442825317
kk	0.9991511106491089
kk	0.8220952153205872
kk	0.9891747236251831
kk	0.9996060132980347
kk	0.9989110231399536
kk	0.9998005032539368
kk	0.9951515793800354
kk	0.7102560997009277
kk	1.0000650882720947
kk	0.9999266862869263
kk	0.9995412826538086
kk	1.0000710487365723
kk	0.9997711777687073
kk	0.9996963143348694
kk	0.9999700784683228
kk	0.9821873307228088
kk	0.9335116744041443
kk	0.9997656345367432
kk	0.9935196042060852
kk	0.9985904097557068
kk	0.8220621943473816
kk	0.9978605508804321
kk	0.9999726414680481
kk	0.9996391534805298
kk	0.9993919730186462
kk	0.999254047870636
kk	1.0000447034835815
kk	0.999226987361908
kk	0.9956738948822021
kk	0.9784678220748901
kk	0.761049747467041
kk	1.0000104904174805
kk	0.9713636040687561
kk	0.9725499749183655
kk	1.0000503063201904
kk	1.0000317096710205
kk	0.9936231970787048
kk	0.9995024800300598
kk	0.9994857311248779
kk	1.0000007152557373
kk	0.9996719360351562
kk	1.0000534057617188
kk	0.9994301795959473
kk	0.999711811542511
kk	0.9673027992248535
kk	0.4734678566455841
kk	0.5683149695396423
kk	0.9994632005691528
kk	0.9962903261184692
kk	0.9996472001075745
kk	0.9964600205421448
krc	0.4686296880245209
kk	0.9998140931129456
kk	0.9999935626983643
kk	0.8946999311447144
kk	1.0000325441360474
kk	1.0000067949295044
kk	1.0000582933425903
kk	0.9978958368301392
kk	0.9968775510787964
kk	1.0000742673873901
kk	0.995152473449707
kk	0.9881139993667603
kk	0.9976545572280884
kk	0.9978057146072388
kk	0.9993808269500732
uk	0.39464765787124634
kk	0.9997064471244812
kk	0.9998062252998352
kk	0.9611023664474487
kk	0.9979108572006226
kk	0.9985482096672058
kk	1.0000265836715698
uk	0.646503746509552
kk	0.9727532267570496
kk	0.9996986389160156
kk	0.9907755851745605
kk	0.9982199668884277
kk	1.0000152587890625
kk	0.9999608397483826
kk	0.989315927028656
kk	1.000008225440979
kk	0.9854779243469238
kk	0.9780383706092834
kk	0.999994158744812
kk	0.9331130385398865
kk	0.9983900189399719
kk	0.999820351600647
kk	0.9999009370803833
kk	1.0000592470169067
kk	1.0000308752059937
kk	0.9571529626846313
kk	1.0000373125076294
kk	0.9794435501098633
kk	0.9998210072517395
kk	0.4520789682865143
kk	0.998414933681488
kk	0.9977251291275024
kk	0.965621292591095
kk	0.9961278438568115
kk	1.0000779628753662
kk	0.9998937249183655
kk	0.999323844909668
kk	0.9728905558586121
kk	0.9999908804893494
kk	0.9979188442230225
kk	0.9942083358764648
kk	1.0000032186508179
kk	0.9992915391921997
kk	0.9999656081199646
kk	1.0000749826431274
kk	1.0000510215759277
kk	0.9974083304405212
kk	0.9993746280670166
kk	0.9987478256225586
kk	0.9969151020050049
kk	0.9896063208580017
kk	0.999291718006134
kk	0.9291086196899414
kk	1.000061273574829
kk	0.9998196363449097
kk	0.9968613982200623
kk	0.5317714214324951
kk	0.9944180250167847
kk	0.9870873689651489
kk	0.9974705576896667
kk	0.9998936653137207
kk	0.8386111259460449
kk	0.9501463174819946
kk	0.9999678730964661
kk	0.7673161625862122
tt	0.5920819044113159
kk	0.978478729724884
kk	0.9706117510795593
kk	0.9870069622993469
kk	0.9997286796569824
kk	0.9937518239021301
kk	0.9988503456115723
kk	1.0000640153884888
kk	0.9971303343772888
kk	0.9988139271736145
kk	0.9874063730239868
kk	1.0000077486038208
kk	0.9993988275527954
kk	0.9996896386146545
kk	0.9994183778762817
kk	1.0000723600387573
kk	0.9872559905052185
kk	0.9260108470916748
kk	0.9973001480102539
kk	0.999517023563385
kk	0.6644028425216675
kk	0.9999798536300659
kk	0.9995452165603638
kk	0.9984553456306458
kk	0.9985814690589905
kk	0.9547953605651855
kk	0.8886004090309143
kk	0.8355976343154907
kk	0.8355976343154907
kk	0.8886004090309143
uk	0.9215705990791321
kk	0.957237958908081
kk	1.0000464916229248
kk	0.9989933371543884
kk	0.6895883679389954
kk	0.9576589465141296
kk	0.9720333814620972
kk	1.0000406503677368
kk	0.9999980926513672
kk	1.0000742673873901
kk	0.9730461239814758
kk	0.9995980262756348
kk	0.9996479153633118
kk	0.9763470888137817
kk	0.9103941917419434
kk	0.9998549818992615
kk	0.9995286464691162
kk	1.0000512599945068
kk	1.0000512599945068
kk	0.9819117188453674
kk	0.9959796071052551
kk	1.0000410079956055
kk	0.9924439787864685
kk	0.9998747706413269
kk	0.9995128512382507
kk	0.9846225380897522
kk	0.9963506460189819
kk	0.9989022612571716
ru	0.653795599937439
kk	0.5028501749038696
kk	0.9596949219703674
kk	1.000003695487976
kk	0.9956445693969727
kk	0.9998029470443726
kk	0.9990071058273315
kk	0.99993896484375
kk	0.9377481341362
kk	0.9961020350456238
kk	0.9982141256332397
kk	0.9986453056335449
kk	0.9940409064292908
kk	0.9835991859436035
kk	0.9956409931182861
kk	0.9981435537338257
kk	0.9991059899330139
kk	0.9966932535171509
kk	0.7780424356460571
kk	1.0000792741775513
kk	0.9957455992698669
kk	0.9957633018493652
kk	0.9998471736907959
kk	1.0000628232955933
kk	0.926612138748169
kk	0.9966064691543579
kk	0.9996998906135559
kk	0.9983937740325928
kk	0.9974122047424316
kk	0.9606744050979614
kk	0.9995407462120056
kk	1.000057578086853
kk	0.999195396900177
kk	0.9973707795143127
kk	1.000028371810913
kk	0.48292267322540283
kk	0.9518802762031555
kk	0.9988658428192139
kk	0.9195347428321838
kk	0.9986242651939392
kk	0.8207911849021912
kk	0.995254635810852
kk	1.0000338554382324
kk	0.9901512861251831
kk	0.9997403621673584
kk	0.7219493389129639
kk	0.9997471570968628
kk	0.7028967142105103
kk	0.9998977780342102
kk	0.9903607368469238
kk	0.9999862313270569
kk	0.9997394680976868
kk	1.0000412464141846
kk	0.9998162984848022
kk	0.9971405267715454
uk	0.6326891779899597
kk	0.9940366148948669
kk	0.9988502264022827
kk	1.0000206232070923
kk	0.9858341813087463
kk	0.9968693256378174
kk	0.9725780487060547
kk	1.0000478029251099
kk	0.8509340286254883
kk	0.999031126499176
kk	0.9988447427749634
kk	1.0000786781311035
kk	0.9996699690818787
kk	0.9999468326568604
kk	0.9915022850036621
kk	0.9659152626991272
kk	0.9996954202651978
kk	0.9997351765632629
kk	0.9999271035194397
kk	1.000038504600525
kk	1.0000710487365723
kk	0.9957783818244934
kk	0.7025331854820251
kk	0.9981477856636047
ba	0.530583918094635
kk	0.937700629234314
kk	0.35700419545173645
kk	0.9992799758911133
kk	0.9973956346511841
kk	0.998415470123291
ru	0.6766437292098999
kk	0.977494478225708
kk	0.9996867179870605
kk	0.9245840907096863
kk	0.9997685551643372
kk	0.9994667768478394
kk	0.9044976234436035
kk	0.9979791045188904
kk	0.9996883273124695
kk	0.6890451908111572
kk	0.999914824962616
kk	0.9997730255126953
kk	0.9553924798965454
kk	0.9735497236251831
kk	1.0000555515289307
kk	1.000057578086853
kk	0.999660074710846
kk	1.0000616312026978
kk	0.8524577021598816
kk	0.9993405342102051
kk	0.9997549057006836
kk	0.9999866485595703
kk	0.9996013641357422
kk	0.9987615942955017
kk	0.9977556467056274
kk	1.0000675916671753
uk	0.729232132434845
kk	0.9834302663803101
kk	0.9999471306800842
kk	0.988318681716919
kk	0.9998120069503784
kk	0.9969490766525269
kk	0.872373104095459
kk	1.000025749206543
kk	0.9997385144233704
kk	0.9314221739768982
kk	1.0000715255737305
kk	0.4012887477874756
kk	0.947317361831665
kk	1.0000702142715454
kk	0.9840805530548096
kk	0.9873987436294556
kk	0.9993500709533691
kk	1.0000702142715454
kk	1.0000653266906738
kk	0.9967660307884216
kk	0.9998890161514282
kk	0.8698007464408875
kk	0.8932719230651855
kk	0.9938498139381409
kk	0.9994614124298096
kk	0.9996829628944397
kk	0.9906425476074219
kk	1.0000540018081665
kk	0.8223463296890259
kk	0.9432545304298401
kk	0.9997906684875488
kk	1.0000660419464111
kk	0.9146322011947632
kk	0.999176025390625
kk	0.9879416227340698
kk	1.0000755786895752
kk	0.912115752696991
kk	0.9440251588821411
kk	0.9996472597122192
kk	0.9976955652236938
kk	1.000028133392334
kk	0.9989360570907593
kk	0.766200065612793
kk	0.8901957869529724
kk	1.0000382661819458
kk	0.9999865293502808
kk	0.9538038372993469
kk	0.9996126294136047
kk	0.9740895628929138
kk	0.9958666563034058
kk	0.8882436156272888
kk	0.997218668460846
kk	0.8906518220901489
kk	1.0000108480453491
kk	0.9998841881752014
kk	0.9990469813346863
kk	1.0000382661819458
kk	1.0000495910644531
kk	0.8292202353477478
kk	0.9969348311424255
kk	0.9998459219932556
kk	0.9867554306983948
kk	0.9999664425849915
kk	0.9961625337600708
kk	0.9997959136962891
kk	0.9946573972702026
kk	0.9997090101242065
kk	0.9970272183418274
kk	0.9995588064193726
kk	0.9668666124343872
mn	0.322846919298172
kk	1.000075340270996
kk	0.9995722770690918
kk	0.9995722770690918
kk	0.9997690916061401
kk	0.9994323253631592
kk	0.9997496604919434
kk	1.0000461339950562
kk	1.0000652074813843
kk	0.9969523549079895
kk	0.8356943130493164
kk	0.9526824355125427
kk	0.9976847767829895
ru	0.9715691804885864
kk	1.0000221729278564
kk	0.9974408745765686
kk	0.9999468922615051
uk	0.4008274972438812
kk	0.9995198845863342
kk	0.9981904029846191
kk	0.9902961850166321
kk	0.9698855876922607
kk	1.0000473260879517
kk	1.0000250339508057
kk	0.9981340765953064
kk	0.9999834895133972
kk	0.9990774393081665
kk	0.46920421719551086
kk	0.8117842674255371
tt	0.7647885084152222
kk	0.9987743496894836
kk	0.9991127252578735
kk	0.99664306640625
kk	0.9942675232887268
kk	0.999614953994751
tt	0.6961134672164917
kk	0.9991917610168457
kk	0.9346781969070435
kk	0.999933660030365
kk	0.8337956070899963
kk	0.8634774684906006
kk	0.9996904134750366
kk	0.999413788318634
kk	0.9970427751541138
kk	0.9391064643859863
kk	0.42595046758651733
kk	0.9761434197425842
kk	0.9773781895637512
kk	0.9348526000976562
kk	0.7521974444389343
kk	0.9576148986816406
kk	0.9984345436096191
kk	1.0000066757202148
kk	0.9584413170814514
kk	0.9999914169311523
kk	0.9959439635276794
kk	0.8005222082138062
kk	0.9874951243400574
kk	1.00006902217865
kk	0.9998728036880493
kk	1.0000040531158447
kk	0.9998005628585815
kk	1.00002920627594
kk	0.9985369443893433
kk	1.0000660419464111
kk	0.9986657500267029
mhr	0.5365903377532959
kk	0.9992322325706482
kk	0.9593939185142517
kk	0.9979891777038574
kk	0.9487464427947998
uk	0.7232922315597534
kk	0.998608410358429
kk	0.9773734211921692
kk	0.9631948471069336
kk	0.9995171427726746
kk	0.5885485410690308
ru	0.7126246690750122
kk	0.9800076484680176
kk	0.9915562272071838
kk	0.6482484340667725
kk	1.0000265836715698
kk	0.9995689988136292
kk	0.9958329200744629
kk	0.9995982646942139
kk	0.9983223676681519
kk	0.9990397095680237
kk	0.9969684481620789
kk	0.9994379878044128
kk	0.9995163083076477
kk	0.9986605048179626
ru	0.34360653162002563
