kz_rus_symb_lang	probability
ky	0.6675400733947754
kk	0.4056760370731354
ru	0.7913603186607361
ky	0.549084484577179
tt	0.43428775668144226
kk	0.9665936827659607
ky	0.4917398691177368
ru	0.5606101155281067
ky	0.37363114953041077
sr	0.4823911190032959
ky	0.3252047300338745
ky	0.21290819346904755
ky	0.7525942325592041
myv	0.42947933077812195
tt	0.568768322467804
ky	0.38889554142951965
ky	0.8118867874145508
ru	0.8101339340209961
ru	0.5278633236885071
ky	0.5652124881744385
ky	0.33164966106414795
ru	0.9790070056915283
mhr	0.37668657302856445
mhr	0.37668657302856445
kk	0.9502567648887634
ru	0.5969665050506592
kk	0.41722574830055237
ky	0.5316390991210938
ru	0.8049681186676025
ru	0.7739612460136414
ru	0.8809241652488708
ru	0.4870002865791321
ba	0.5233877301216125
ky	0.5461366772651672
ru	0.5076373219490051
ky	0.984321653842926
mn	0.3512669801712036
mn	0.4846958518028259
ru	0.36752447485923767
kk	0.2972559630870819
ru	0.3395310640335083
ru	0.4568464159965515
uk	0.42281123995780945
ky	0.8814058899879456
kk	0.5377463698387146
ru	0.9586793780326843
ru	0.5772652626037598
mk	0.5036609768867493
ru	0.3239246606826782
tt	0.308319091796875
mk	0.3280535340309143
ky	0.5570375919342041
kk	0.6626355051994324
kk	0.410302072763443
ky	0.8493582010269165
mn	0.4269650876522064
kk	0.35096657276153564
kk	0.6559961438179016
ru	0.7709912061691284
ky	0.49197131395339966
kk	0.5152745246887207
kk	0.6449192762374878
kk	0.7219822406768799
ky	0.5761693120002747
kk	0.5471197366714478
kk	0.9528248906135559
tt	0.7272621393203735
ru	0.64774489402771
ky	0.9098644852638245
kk	0.490122526884079
ky	0.896251380443573
kk	0.7418493628501892
ru	0.713293194770813
ru	0.23650851845741272
kk	0.7428122758865356
ky	0.610328197479248
tt	0.5360220074653625
ru	0.3990027606487274
kk	0.569719135761261
mk	0.5001533031463623
ru	0.8982546329498291
ru	0.5466365814208984
mk	0.667551577091217
ru	0.5540340542793274
kk	0.7007882595062256
ru	0.7790911793708801
kk	0.9125111699104309
ru	0.4790702164173126
ru	0.3131827712059021
ru	0.3131827712059021
ru	0.8735575079917908
ru	0.9379783272743225
ky	0.5407044291496277
ru	0.7719100713729858
kk	0.8656665682792664
kk	0.5525990128517151
ru	0.5923384428024292
ky	0.7838327288627625
sr	0.877860426902771
kk	0.6197021007537842
kk	0.8753814697265625
ky	0.7309327721595764
ky	0.4971296191215515
ky	0.4971296191215515
sr	0.6291558742523193
ky	0.6574908494949341
ky	0.6920566558837891
tt	0.6065070033073425
tt	0.6127108335494995
ky	0.5501211881637573
ru	0.4990808367729187
ky	0.9156102538108826
ky	0.6082224249839783
ky	0.9064537882804871
ba	0.4740268588066101
kk	0.5744805932044983
ba	0.6072573661804199
ky	0.5796389579772949
kk	0.531770646572113
kk	0.43285420536994934
ky	0.5319633483886719
kk	0.3739239275455475
ba	0.4965156614780426
ky	0.6823606491088867
mk	0.38671883940696716
ru	0.6925349235534668
ky	0.7359293699264526
kk	0.9191311597824097
kk	0.9772859215736389
tt	0.7237101197242737
ru	0.48730745911598206
ba	0.4040941894054413
mn	0.40282168984413147
mn	0.7486702799797058
mn	0.7486702799797058
ru	0.8227951526641846
ru	0.8227951526641846
kk	0.38273537158966064
kk	0.4544101655483246
kk	0.975311279296875
ru	0.3298650085926056
ky	0.39588046073913574
kk	0.26290109753608704
kk	0.385297954082489
ru	0.6796244382858276
ky	0.9326633214950562
ru	0.47510701417922974
tt	0.4079149663448334
tt	0.4079149663448334
ru	0.5488994121551514
ru	0.8351051807403564
ky	0.40198075771331787
ky	0.5610798597335815
ky	0.8225235342979431
ky	0.8424953818321228
tt	0.4827592670917511
ky	0.6782644391059875
ky	0.5101073384284973
ky	0.278313010931015
mk	0.5325261950492859
ky	0.6415296792984009
ba	0.3148925304412842
ba	0.3148925304412842
kk	0.5103545188903809
mk	0.5713780522346497
ky	0.857918381690979
mhr	0.41344282031059265
ru	0.9131641387939453
ru	0.9131641387939453
ky	0.33101847767829895
kk	0.6391014456748962
ky	0.5298894643783569
ru	0.7090551257133484
ru	0.5216696262359619
ru	0.4645896255970001
kk	0.6723478436470032
mk	0.42951351404190063
tt	0.7600952982902527
tt	0.4896391034126282
ky	0.5833435654640198
tt	0.8762474060058594
ru	0.4524882733821869
tt	0.5778250694274902
ba	0.19355306029319763
kk	0.6577121615409851
sr	0.37914907932281494
ru	0.6486682891845703
ky	0.6896852850914001
ba	0.4421544075012207
ky	0.7189006209373474
ru	0.48762449622154236
mn	0.6744980812072754
ru	0.8384003043174744
kk	0.715849757194519
ky	0.7705945372581482
ba	0.43116703629493713
ru	0.33873307704925537
ky	0.528895914554596
tt	0.4362589418888092
ru	0.5566827654838562
kk	0.3632296025753021
ky	0.6512267589569092
kk	0.5780770778656006
ky	0.8661139011383057
kk	0.9653840661048889
kk	0.7976611852645874
ky	0.6140400171279907
ba	0.6762140989303589
ru	0.4935362935066223
kk	0.6270094513893127
kk	0.9114934206008911
kk	0.4983487129211426
tt	0.46584463119506836
kk	0.6411232352256775
ky	0.9188574552536011
ru	0.8386172652244568
ru	0.8021174073219299
bg	0.30057674646377563
bg	0.30057674646377563
ky	0.8056235313415527
kk	0.9831059575080872
uk	0.6894659399986267
uk	0.6482363939285278
ru	0.5329201221466064
kk	0.8595110774040222
ky	0.7865498661994934
kk	0.3510238230228424
ru	0.33514276146888733
ky	0.9413103461265564
tt	0.5731495022773743
ru	0.6590854525566101
ky	0.42711010575294495
kk	0.47081974148750305
ru	0.6381399631500244
ky	0.2663206458091736
ky	0.5773903727531433
ky	0.37957149744033813
tt	0.8887360095977783
kk	0.687126874923706
ky	0.3854979872703552
ru	0.415629506111145
ky	0.9647992253303528
mk	0.5844336152076721
ru	0.43239983916282654
mk	0.2861795723438263
ky	0.49730196595191956
ky	0.6714183688163757
mn	0.3250362277030945
ru	0.8049216270446777
ru	0.6444621086120605
kk	0.923463761806488
ky	0.7911670804023743
mk	0.5629065036773682
ky	0.3875696361064911
kk	0.4945276081562042
kk	0.9867944717407227
ky	0.4326840341091156
ru	0.7248439192771912
ky	0.5641781687736511
mn	0.8708223700523376
ce	0.35778212547302246
ce	0.35778212547302246
ky	0.7961869239807129
ky	0.3709990978240967
krc	0.3377690017223358
ky	0.3093092441558838
ba	0.3701298236846924
ru	0.7059074640274048
ky	0.9433622360229492
ru	0.7932302951812744
ky	0.5230940580368042
tt	0.7886865139007568
kk	0.9307578206062317
ky	0.6087814569473267
ru	0.7924192547798157
ky	0.8584230542182922
kk	0.7781078219413757
tt	0.48644351959228516
ru	0.4477132558822632
ky	0.9920430779457092
kk	0.5993425250053406
tt	0.6466721892356873
kk	0.9779172539710999
ky	0.4096297025680542
ru	0.38034507632255554
kk	0.9844978451728821
tt	0.3210591673851013
ru	0.7251105308532715
ky	0.5514544248580933
ky	0.6091533303260803
ky	0.8839355111122131
ru	0.42629554867744446
ky	0.7513864040374756
ky	0.8177094459533691
tt	0.8355316519737244
ky	0.6570271253585815
ky	0.7798207402229309
tt	0.42694011330604553
tt	0.9230366945266724
ky	0.46112707257270813
ky	0.9963350296020508
kk	0.6788635849952698
ru	0.47743093967437744
ky	0.8789307475090027
kk	0.7721613049507141
ky	0.9050344228744507
kk	0.5070433616638184
ky	0.8151626586914062
kk	0.7807868123054504
ru	0.6250389218330383
kk	0.9509001970291138
kk	0.6893302798271179
mn	0.28040507435798645
kk	0.8836921453475952
ky	0.5257497429847717
ky	0.8704314231872559
ky	0.8197036981582642
mk	0.7816119194030762
ky	0.4657685458660126
ky	0.7644014358520508
ky	0.2858354151248932
ky	0.7805774807929993
tt	0.635049045085907
kk	0.8951579928398132
kk	0.8951579928398132
ru	0.696427583694458
ky	0.4401493966579437
ky	0.8768190145492554
ky	0.5150145888328552
kk	0.7670315504074097
ru	0.6892993450164795
ru	0.7428792119026184
ky	0.8831785917282104
tt	0.4700798988342285
ru	0.8713370561599731
ru	0.38542690873146057
ky	0.5276696681976318
ru	0.5857769846916199
kk	0.5562517046928406
ru	0.42197269201278687
ru	0.797935426235199
ky	0.5456910729408264
tt	0.9286179542541504
ru	0.5792370438575745
ky	0.933219850063324
kk	0.6278745532035828
tt	0.6365460157394409
ky	0.6742177605628967
ky	0.8286458849906921
ru	0.32077518105506897
ky	0.9133362770080566
ky	0.9942751526832581
bg	0.401378870010376
bg	0.401378870010376
bg	0.401378870010376
bg	0.401378870010376
kk	0.855522871017456
ky	0.8055582046508789
ky	0.37936586141586304
ky	0.5976956486701965
ky	0.6227332949638367
ru	0.41705507040023804
kk	0.6837923526763916
kk	0.9551763534545898
kk	0.6553133726119995
tt	0.6430727243423462
kk	0.8957749605178833
kk	0.5534176230430603
tt	0.443613201379776
ru	0.5473625659942627
ky	0.6076297760009766
ru	0.5044918060302734
ru	0.4387516677379608
mk	0.24547117948532104
ky	0.8789674639701843
et	0.5846941471099854
ky	0.9754233956336975
ba	0.25693479180336
ru	0.754988968372345
tt	0.5387169122695923
ru	0.6070482730865479
ky	0.9154214262962341
ky	0.9723268747329712
ky	0.8005967736244202
kk	0.7387216687202454
ky	0.9761651158332825
ru	0.6139702796936035
kk	0.6921138167381287
kk	0.6921138167381287
kk	0.5337667465209961
ky	0.6019482016563416
ky	0.57090824842453
kk	0.7846083045005798
ba	0.2973943054676056
ru	0.540270984172821
ru	0.540270984172821
ky	0.8596423268318176
ky	0.9068923592567444
tt	0.3663770854473114
tt	0.3663770854473114
kk	0.42629748582839966
kk	0.42629748582839966
ky	0.9381052851676941
ky	0.9381052851676941
ky	0.9381052851676941
ru	0.8155989646911621
ky	0.6038690209388733
mn	0.32553622126579285
mn	0.32553622126579285
ky	0.7121973633766174
ru	0.36162254214286804
ru	0.36162254214286804
kk	0.4190536439418793
kk	0.4190536439418793
ky	0.9951404929161072
ky	0.863292396068573
ky	0.7732964158058167
ky	0.5547266006469727
ky	0.7490202784538269
ru	0.5592806339263916
bg	0.5859184265136719
bg	0.5859184265136719
bg	0.5859184265136719
bg	0.5859184265136719
kk	0.5760616660118103
kk	0.5869116187095642
mk	0.42748743295669556
ru	0.563054084777832
ru	0.43927648663520813
ru	0.7694365978240967
ru	0.5324590802192688
tt	0.26895448565483093
ru	0.7014726996421814
ru	0.8906112313270569
ru	0.8757244348526001
bg	0.8601890802383423
ru	0.9373091459274292
be	0.22458000481128693
kk	0.982648491859436
ru	0.4416266679763794
ru	0.4416266679763794
mk	0.5795478224754333
ky	0.8962386250495911
tt	0.3643059730529785
ky	0.5897738933563232
ky	0.8924430012702942
ky	0.4799623191356659
ky	0.9543623328208923
mk	0.26082471013069153
ky	0.8020906448364258
kk	0.9181873798370361
mk	0.5193809270858765
sr	0.2411893904209137
tt	0.5727232098579407
ky	0.6660192608833313
ru	0.4361572265625
ba	0.5708537101745605
ru	0.9089706540107727
kk	0.5349957942962646
ky	0.6061548590660095
kk	0.24854415655136108
kk	0.9660283923149109
kk	0.47317805886268616
ru	0.8704767823219299
ky	0.5068215131759644
ru	0.5904067754745483
ru	0.5904067754745483
tt	0.5086881518363953
ru	0.728379487991333
tt	0.46123966574668884
ru	0.4817669093608856
ru	0.5562293529510498
ky	0.7811598181724548
ru	0.7001087069511414
kk	0.646050751209259
kk	0.9789219498634338
kk	0.98652583360672
tt	0.4210928976535797
ru	0.5807238221168518
ky	0.5158726572990417
ky	0.5285910964012146
ky	0.8460415601730347
tt	0.3812372088432312
mn	0.8352640271186829
kk	0.5352466106414795
ky	0.9262726902961731
kk	0.5116018652915955
mn	0.4224343001842499
ky	0.7880539298057556
ru	0.3337145447731018
ky	0.7987990975379944
ky	0.6300254464149475
kk	0.46406903862953186
ky	0.457623690366745
ky	0.92246413230896
tt	0.6864743232727051
kk	0.41195547580718994
ru	0.35366544127464294
ky	0.7824291586875916
tt	0.35362398624420166
ky	0.9594967365264893
ky	0.8565697073936462
kk	0.41701996326446533
tt	0.4010542333126068
kk	0.3906107246875763
ru	0.7758455872535706
ru	0.8975562453269958
kk	0.5274350643157959
ru	0.9476977586746216
ru	0.3533037006855011
ky	0.5853054523468018
ru	0.772341251373291
ky	0.28463873267173767
ky	0.7002553939819336
ky	0.7368466854095459
mhr	0.3172633647918701
ru	0.342060387134552
kk	0.9421709775924683
kk	0.3184206485748291
kk	0.6593374609947205
ky	0.5656741261482239
kk	0.36735206842422485
ky	0.7161048650741577
tt	0.6260712742805481
kk	0.4739648997783661
ky	0.8784700632095337
ky	0.447248637676239
kk	0.6624804735183716
ky	0.7650040984153748
ky	0.7892076373100281
ky	0.6280535459518433
bg	0.402309387922287
ky	0.8966953158378601
ky	0.7284764647483826
bg	0.3836236298084259
ky	0.8601629137992859
be	0.539256751537323
ky	0.5140589475631714
kk	0.3606533706188202
ky	0.9776456952095032
ky	0.5776662826538086
ky	0.4216347336769104
ru	0.6104583740234375
ky	0.7278116345405579
ky	0.7760542631149292
ky	0.5339980125427246
ky	0.9204270839691162
ky	0.9476140737533569
ky	0.8682190775871277
ky	0.5445265769958496
kk	0.5270485877990723
ky	0.8914794325828552
ky	0.9920812845230103
ky	0.5420865416526794
ky	0.5259827971458435
ky	0.5809996724128723
ky	0.5677968859672546
ky	0.5350815057754517
kk	0.6058318018913269
ky	0.5947433710098267
ky	0.41063815355300903
ky	0.7440525889396667
ky	0.694793701171875
ky	0.6564235091209412
ky	0.8377442359924316
kk	0.7805338501930237
ky	0.9737907648086548
ky	0.6861860752105713
ky	0.4965306520462036
ky	0.7453805208206177
ky	0.9771292209625244
ky	0.7620551586151123
ky	0.9936326146125793
mn	0.24022552371025085
ru	0.6868440508842468
kk	0.7544780969619751
ky	0.9513020515441895
ru	0.29488426446914673
ru	0.29488426446914673
ru	0.45116832852363586
kk	0.3776726722717285
ru	0.3931692838668823
ru	0.5851724743843079
ky	0.6394431591033936
kk	0.2494998276233673
ky	0.6822881102561951
kk	0.9144829511642456
ky	0.886679470539093
ky	0.8866881132125854
ky	0.5003203749656677
uz	0.3933880627155304
mhr	0.38838034868240356
kk	0.9206798076629639
ru	0.20902475714683533
ky	0.3834693729877472
ru	0.7692676782608032
ru	0.7472941279411316
ky	0.6373683214187622
ky	0.6274136304855347
ky	0.48797607421875
tt	0.3003332018852234
ru	0.563901960849762
ru	0.563901960849762
tt	0.46233129501342773
tt	0.46233129501342773
ky	0.7735778093338013
ky	0.829592764377594
tt	0.5079347491264343
ru	0.4274607300758362
ky	0.435270756483078
kk	0.5924985408782959
ky	0.8057499527931213
ky	0.46870100498199463
ky	0.5682701468467712
kk	0.5210492014884949
ky	0.8397879004478455
ky	0.686044454574585
ky	0.5862137675285339
kk	0.5076071619987488
av	0.25788936018943787
ru	0.5232200622558594
kk	0.8075859546661377
kk	0.6785020232200623
kk	0.6388489603996277
kk	0.650663435459137
ky	0.6907250881195068
ky	0.5247471928596497
ky	0.4575536847114563
ky	0.4233289361000061
ce	0.2467612624168396
kk	0.8493978977203369
ru	0.420622318983078
ky	0.54059237241745
ru	0.3272811770439148
kk	0.6379520297050476
ky	0.7372177839279175
ru	0.8324053883552551
ky	0.6878705620765686
mhr	0.3311161696910858
kk	0.9339827299118042
sah	0.49023592472076416
ru	0.5025221705436707
ky	0.8312303423881531
kk	0.7910648584365845
ru	0.42325359582901
ru	0.6942306756973267
krc	0.4943552017211914
ru	0.5636765360832214
ru	0.5636765360832214
tt	0.2931888997554779
tt	0.34762492775917053
ru	0.45286959409713745
kk	0.6473338603973389
ru	0.28702282905578613
ky	0.609586775302887
kk	0.59809410572052
kk	0.3620340824127197
ky	0.7989628911018372
tt	0.7295316457748413
tt	0.6182562112808228
ky	0.47965675592422485
mn	0.3245009779930115
ky	0.7326132655143738
ky	0.4175678491592407
ru	0.870730996131897
ky	0.4285143315792084
ru	0.3675008714199066
ky	0.7884879112243652
tt	0.45773446559906006
ru	0.813823401927948
ru	0.35408538579940796
ru	0.5987301468849182
ky	0.62199866771698
kk	0.49940383434295654
sr	0.6915295124053955
be	0.35153359174728394
kk	0.5286790728569031
ky	0.6613467335700989
tt	0.3734349012374878
ru	0.759052574634552
ru	0.759052574634552
ru	0.8965895771980286
ky	0.34412625432014465
ky	0.4187290072441101
tt	0.8637794256210327
kk	0.682471752166748
ky	0.7689318656921387
ky	0.3834579885005951
kk	0.849612295627594
ru	0.5815691351890564
kk	0.6922786235809326
ky	0.38979166746139526
kk	0.2434224635362625
kk	0.2434224635362625
sr	0.7056938409805298
ky	0.9770587086677551
ky	0.9823771119117737
kk	0.4850105941295624
ru	0.4199189841747284
ky	0.684849202632904
ky	0.4202112853527069
ky	0.8392722606658936
ky	0.3960985243320465
mk	0.32144322991371155
mk	0.32144322991371155
ky	0.9047502279281616
ky	0.8857185244560242
ky	0.56160968542099
ky	0.7008808851242065
ky	0.7008808851242065
ky	0.824673056602478
ky	0.824673056602478
ky	0.4967271387577057
ky	0.5030734539031982
tt	0.4267007112503052
ba	0.23027074337005615
ru	0.6547127366065979
ru	0.8762662410736084
ky	0.9516721367835999
ky	0.5196482539176941
mhr	0.26050686836242676
ky	0.39198794960975647
ky	0.9085853695869446
ru	0.45709726214408875
mn	0.34998053312301636
ky	0.2634103000164032
kk	0.5784119963645935
ky	0.7988489866256714
ky	0.6005675792694092
ky	0.9917828440666199
ky	0.885115921497345
ru	0.3859710097312927
kk	0.5328198671340942
ky	0.4476111829280853
ru	0.67437344789505
tt	0.9591292142868042
ru	0.48710912466049194
ru	0.8299606442451477
sr	0.49742287397384644
ru	0.38951581716537476
ru	0.17701658606529236
kk	0.3893634080886841
ky	0.5479997396469116
cv	0.27324146032333374
ky	0.8051789402961731
ru	0.3398536741733551
ky	0.5590343475341797
ky	0.6589100360870361
tt	0.403845876455307
ky	0.4640071392059326
kk	0.6054136157035828
kk	0.916462242603302
ky	0.9997783303260803
ky	0.5983951687812805
ky	0.8917747139930725
tt	0.9503599405288696
kk	0.9155119061470032
kk	0.26126182079315186
tt	0.5051224827766418
ky	0.9493154287338257
ky	0.5519120097160339
ba	0.4190438985824585
ky	0.5496532320976257
ky	0.8751550912857056
tt	0.37843260169029236
kk	0.586946427822113
ky	0.6677924394607544
ky	0.9989304542541504
ky	0.9297710061073303
ky	0.9297710061073303
kk	0.8110558986663818
kk	0.8906753659248352
kk	0.9978510141372681
kk	0.9978510141372681
ru	0.9732397794723511
ru	0.7574048042297363
ky	0.9385047554969788
mn	0.6572465896606445
bg	0.42366600036621094
ru	0.8118717670440674
tt	0.5366272330284119
tt	0.40178680419921875
tt	0.40178680419921875
tt	0.5024219155311584
kk	0.6994662284851074
kk	0.4851956069469452
ru	0.4246038496494293
ky	0.5874047875404358
ru	0.9363493323326111
ru	0.36179590225219727
ky	0.49358272552490234
ru	0.7399826049804688
kk	0.6022672653198242
sr	0.36133256554603577
ky	0.5834593772888184
ru	0.8021661639213562
ru	0.8021661639213562
be	0.7564622759819031
be	0.7564622759819031
be	0.7564622759819031
kk	0.4508264660835266
mk	0.5596703886985779
ky	0.644709587097168
ru	0.8015732169151306
ru	0.7657185792922974
tt	0.5829575657844543
mr	0.6951028108596802
tt	0.6539100408554077
ky	0.5606659650802612
ky	0.9667884707450867
ky	0.9763810634613037
ky	0.9763810634613037
ce	0.31703272461891174
ba	0.7349624037742615
ky	0.8339142799377441
ky	0.737287700176239
ky	0.6408724784851074
ru	0.5903487205505371
ky	0.8514018058776855
tt	0.42559680342674255
tt	0.32241302728652954
ky	0.4433492124080658
ru	0.9323238730430603
kk	0.7958061695098877
kk	0.7958061695098877
tt	0.4282010495662689
kk	0.5349017381668091
ru	0.867759644985199
ru	0.5679022669792175
tt	0.4709782302379608
ky	0.9879176020622253
kk	0.8478394150733948
tt	0.5699170231819153
ru	0.6444811820983887
sr	0.9208284020423889
ru	0.407098650932312
kk	0.29866933822631836
ky	0.4365408420562744
ky	0.40398508310317993
kk	0.5639088153839111
kk	0.846789538860321
kk	0.846789538860321
ky	0.9013966917991638
ky	0.2852247357368469
ky	0.2852247357368469
ru	0.4933178722858429
ky	0.9465433359146118
ru	0.731562077999115
kk	0.5500054955482483
ky	0.44473668932914734
ky	0.40172961354255676
kk	0.49370014667510986
ba	0.643962025642395
tt	0.5310027599334717
tt	0.5320816040039062
kk	0.4451283812522888
kk	0.599325954914093
ky	0.5118655562400818
kk	0.8582732081413269
ky	0.6881585717201233
kk	0.8282176852226257
kk	0.44016459584236145
kk	0.7300366163253784
kk	0.44787847995758057
kk	0.6704291105270386
kk	0.7451122999191284
kk	0.514413058757782
ky	0.9030059576034546
ky	0.42605310678482056
kk	0.5314836502075195
ru	0.8349397778511047
ru	0.7350968718528748
ru	0.5525720715522766
ru	0.4238409996032715
ky	0.7720934748649597
bg	0.30047816038131714
ky	0.8284122943878174
ru	0.8025363087654114
kk	0.5864277482032776
ru	0.5531924366950989
ky	0.9555132985115051
tt	0.4872991740703583
mn	0.3105566203594208
mk	0.48921412229537964
ru	0.6007669568061829
ky	0.7868834137916565
ky	0.9267888069152832
mn	0.2916547954082489
mn	0.3205550014972687
ru	0.47031617164611816
ky	0.9878174662590027
ru	0.39176705479621887
tt	0.31541305780410767
tt	0.6242656111717224
sr	0.2784540057182312
ky	0.9690610766410828
ru	0.657200813293457
tt	0.8049160838127136
tt	0.6863356828689575
tt	0.7182731628417969
tt	0.6722090840339661
kk	0.7319479584693909
ky	0.8503158092498779
ky	0.6886955499649048
ky	0.9559902548789978
ky	0.9561951756477356
mhr	0.3052368760108948
ky	0.4881439507007599
kk	0.7744256854057312
bg	0.7075093984603882
bg	0.7075093984603882
kk	0.3660387396812439
ru	0.7304148077964783
ky	0.7212984561920166
ky	0.4901769161224365
ky	0.3428492248058319
ru	0.3556613028049469
kk	0.42114442586898804
ky	0.8685283660888672
ky	0.9429658651351929
ky	0.9278781414031982
ky	0.2878524959087372
ru	0.4564649760723114
ky	0.7046855092048645
ky	0.5951622724533081
ky	0.9763380885124207
kk	0.8620575070381165
ky	0.8282686471939087
kk	0.4191129207611084
ru	0.5160315036773682
tt	0.2967280149459839
ky	0.833279550075531
ky	0.7427789568901062
ky	0.9080479145050049
kk	0.7484087944030762
ky	0.5834017395973206
ky	0.9399563074111938
ru	0.47257912158966064
ky	0.7359211444854736
ky	0.767615556716919
ky	0.9413776993751526
ky	0.7849928140640259
kk	0.5368675589561462
ky	0.8201652765274048
kk	0.5817282199859619
ky	0.7744417786598206
ky	0.8751207590103149
ky	0.7438483238220215
ru	0.6267337203025818
ru	0.7352554798126221
ky	0.9749191403388977
ky	0.7531265020370483
ky	0.6678276658058167
ky	0.3374860882759094
tt	0.43112725019454956
kk	0.6027981638908386
ky	0.8531398773193359
ky	0.7743822932243347
ky	0.7105571627616882
kk	0.8048880696296692
ky	0.4672517776489258
ky	0.9435726404190063
ru	0.6570233702659607
ky	0.8115091919898987
ru	0.8388174772262573
ru	0.8887503147125244
ru	0.42125362157821655
ky	0.689873993396759
ky	0.4781462550163269
ru	0.7251105904579163
ky	0.7761109471321106
ky	0.5150947570800781
ky	0.6074342727661133
ky	0.9350113272666931
kk	0.5792537927627563
ky	0.5210300087928772
ky	0.9961294531822205
kk	0.4817677438259125
ky	0.9313964247703552
ky	0.9594278931617737
ky	0.8280925154685974
ky	0.6140841245651245
uk	0.42081210017204285
ky	0.8662025332450867
kk	0.43929538130760193
kk	0.9245680570602417
kk	0.7376875281333923
ky	0.5534926056861877
ky	0.9042243957519531
tt	0.48105016350746155
kk	0.4412890672683716
ru	0.3174920976161957
ky	0.9889697432518005
kk	0.5635550022125244
ky	0.9256271123886108
ky	0.5221719741821289
ky	0.7115400433540344
ky	0.7962251305580139
ky	0.8658115267753601
ky	0.6647900938987732
ky	0.6391580700874329
ky	0.9286609292030334
kk	0.48691409826278687
ky	0.9365198612213135
ky	0.545500636100769
ky	0.5383299589157104
ky	0.6410081386566162
kk	0.33356356620788574
ky	0.7914243340492249
ky	0.9614564776420593
ky	0.601435124874115
ky	0.6318472027778625
ky	0.34918567538261414
ky	0.5723275542259216
ky	0.3806687295436859
ky	0.4314461648464203
ky	0.8413512110710144
ky	0.5206161737442017
ky	0.3579952120780945
kk	0.5423290729522705
ky	0.44210052490234375
ky	0.38582882285118103
ru	0.5912145376205444
ru	0.7697932720184326
ky	0.5524479150772095
ky	0.4701486825942993
ru	0.35604414343833923
ky	0.6180049777030945
ky	0.813808262348175
ky	0.7795562744140625
ru	0.4368026852607727
ky	0.7626315951347351
ky	0.9169561862945557
kk	0.49312663078308105
ky	0.6078557968139648
ky	0.5683683753013611
ky	0.9850613474845886
ky	0.814642071723938
ky	0.7688089609146118
tt	0.3540556728839874
kk	0.3716692626476288
ba	0.31282293796539307
ky	0.5498430132865906
ky	0.943987250328064
ky	0.4880305528640747
ky	0.25627532601356506
ky	0.971646249294281
ru	0.5368673205375671
ky	0.993730366230011
tt	0.40033963322639465
bg	0.42312294244766235
ky	0.7920957207679749
ru	0.8134577870368958
ky	0.4818620979785919
be	0.48727235198020935
tt	0.8680816292762756
ky	0.61859530210495
ky	0.47435685992240906
ky	0.8026919364929199
kk	0.5895295739173889
tt	0.23362812399864197
ky	0.7964068055152893
ky	0.8651208877563477
ky	0.8347384333610535
tt	0.35891273617744446
kk	0.8709072470664978
ru	0.5117462277412415
ky	0.38592228293418884
ky	0.7030618190765381
ky	0.9230124354362488
ky	0.6135144829750061
ky	0.8878686428070068
kk	0.5865346193313599
bg	0.2100590616464615
ba	0.3619835376739502
ba	0.3619835376739502
ky	0.7027962803840637
ky	0.9501592516899109
kk	0.9566101431846619
ru	0.793082058429718
ky	0.8748075366020203
kk	0.7994905114173889
kk	0.7994905114173889
ky	0.9009356498718262
ky	0.740081250667572
ky	0.49012231826782227
ky	0.9634740352630615
ky	0.6115680932998657
ky	0.5736322402954102
ky	0.704286515712738
kk	0.9931772351264954
ky	0.7806704044342041
ky	0.8352908492088318
kk	0.7027599215507507
ky	0.4299852252006531
ru	0.23319607973098755
ky	0.9397839307785034
ky	0.7242984175682068
ru	0.3613124191761017
ky	0.5611421465873718
ky	0.6884461641311646
ky	0.6527661085128784
ru	0.5260784029960632
ky	0.7948505282402039
ky	0.7600252032279968
kk	0.6648576855659485
ky	0.3784692883491516
ru	0.45233622193336487
ky	0.39430713653564453
kk	0.4973973333835602
kk	0.4973973333835602
kk	0.9717301726341248
ky	0.87369304895401
ky	0.6378820538520813
ky	0.33665046095848083
ky	0.8393922448158264
mk	0.27293360233306885
ky	0.9199491739273071
ru	0.6469995379447937
ky	0.9443662762641907
ru	0.6014636158943176
kk	0.8814582824707031
tt	0.5917055010795593
ky	0.7893574833869934
ru	0.551102340221405
ru	0.4584365487098694
ru	0.6361268162727356
ky	0.8817139267921448
ru	0.6994720697402954
ky	0.6045466661453247
ky	0.4503203332424164
ky	0.644636332988739
ky	0.4643182158470154
ky	0.701193630695343
ky	0.8831918239593506
ky	0.5532312989234924
ky	0.5100578665733337
ky	0.855539083480835
ky	0.9183149933815002
kk	0.825068473815918
ky	0.8365696668624878
ky	0.8670781850814819
ky	0.6601197123527527
ky	0.7654940485954285
ky	0.8762722015380859
ky	0.6736454367637634
ky	0.4829281270503998
ky	0.7468010187149048
ky	0.9369170069694519
tt	0.5077757835388184
ru	0.47152820229530334
ky	0.46775445342063904
ky	0.891180694103241
ru	0.48687097430229187
ky	0.7925123572349548
ky	0.39750972390174866
ky	0.995204508304596
tt	0.7719102501869202
kk	0.41858527064323425
ru	0.6924101710319519
ru	0.5029371976852417
ky	0.8428875803947449
ky	0.7020049691200256
ky	0.6578852534294128
tt	0.5480959415435791
kk	0.4696877598762512
ky	0.9551793932914734
ky	0.8249672651290894
ky	0.6011063456535339
ky	0.47335025668144226
kk	0.7741004824638367
kk	0.8801012635231018
ky	0.6876826286315918
tt	0.46936580538749695
ky	0.36285728216171265
sr	0.4449375569820404
ru	0.7873234748840332
kk	0.7227461338043213
ru	0.6101595759391785
ky	0.5496586561203003
ky	0.7518711090087891
tt	0.4406532645225525
sr	0.338942289352417
ky	0.995851457118988
ru	0.697075366973877
ru	0.5591366291046143
sr	0.3808012306690216
tt	0.8458641171455383
mn	0.5296638011932373
mhr	0.35818642377853394
kk	0.7297840118408203
kk	0.6009625196456909
ru	0.5677689909934998
kk	0.4446280598640442
kk	0.4446280598640442
tt	0.4417024850845337
kk	0.7210717797279358
ky	0.6056463122367859
ru	0.4959467053413391
ky	0.3940199315547943
ky	0.6552111506462097
ru	0.6098537445068359
ky	0.7951707243919373
ky	0.4679068922996521
ky	0.47167158126831055
mk	0.5077275037765503
ky	0.25258609652519226
tt	0.4702000916004181
ky	0.5956218838691711
ky	0.5283716320991516
ky	0.8899461030960083
kk	0.5398217439651489
ky	0.7614350318908691
ru	0.8092332482337952
ky	0.9102736711502075
ky	0.7569354176521301
ky	0.9889464378356934
ky	0.9868652820587158
ky	0.8599759936332703
ky	0.804392397403717
tt	0.42210525274276733
ky	0.8946015238761902
ky	0.4236210286617279
ky	0.5361013412475586
ru	0.4071516990661621
kk	0.6552410125732422
kk	0.5797825455665588
sr	0.40385785698890686
ky	0.662386953830719
ru	0.6500389575958252
ky	0.6236733794212341
kk	0.8841441869735718
kk	0.674190104007721
ky	0.3337870240211487
lez	0.4341731667518616
ru	0.8621140122413635
kk	0.49218493700027466
ru	0.42826032638549805
ky	0.5201837420463562
ru	0.5728558897972107
ru	0.6985594630241394
ky	0.7407971024513245
ru	0.7683496475219727
ba	0.36972299218177795
mk	0.7061362862586975
ky	0.9309028387069702
mn	0.4771144986152649
mk	0.5448932647705078
kk	0.7136561274528503
kk	0.36200645565986633
ky	0.8149898648262024
mk	0.655959963798523
ky	0.9681167602539062
ky	0.6118140816688538
kk	0.7199968099594116
ky	0.8662599325180054
ky	0.8998874425888062
ky	0.9111008644104004
ky	0.8215911388397217
ky	0.6337220668792725
ky	0.893986165523529
ky	0.9851518869400024
tt	0.6456283926963806
ky	0.814233660697937
ky	0.5349186062812805
mn	0.3585011661052704
mn	0.3585011661052704
ru	0.7088252305984497
kk	0.4157620072364807
kk	0.6052113771438599
mn	0.28875961899757385
ky	0.8011022806167603
ba	0.47890689969062805
uz	0.4471745789051056
ky	0.9982154369354248
ky	0.7320593595504761
kk	0.5050828456878662
ru	0.6285318732261658
tt	0.3386872112751007
ky	0.9395974278450012
kk	0.6649840474128723
sah	0.2779156565666199
ky	0.5829949975013733
tt	0.4807654321193695
cs	0.3008553087711334
cs	0.22964812815189362
tt	0.8333652019500732
tt	0.6589787602424622
ky	0.9821448922157288
ky	0.5768598914146423
ky	0.3955134451389313
ru	0.36743348836898804
kk	0.8374894857406616
tt	0.5744186639785767
ky	0.7416234612464905
ru	0.24696049094200134
ky	0.6570271253585815
ru	0.5657968521118164
ba	0.2936849594116211
ru	0.6049013137817383
tt	0.45196589827537537
mn	0.5327854752540588
ky	0.5375727415084839
ru	0.4821026623249054
ru	0.4693330228328705
tt	0.41447651386260986
ru	0.6791549921035767
ky	0.23206354677677155
kk	0.9211446046829224
ky	0.7843499779701233
ky	0.891319215297699
kk	0.7486441135406494
ky	0.4417915344238281
kk	0.5136594176292419
kk	0.7015409469604492
kk	0.47135305404663086
kk	0.7440780401229858
ky	0.5233997702598572
ky	0.43656691908836365
ky	0.916080892086029
ky	0.5880414843559265
ky	0.9784071445465088
ky	0.4375639259815216
kk	0.6962661147117615
kk	0.7156123518943787
kk	0.7233459949493408
tt	0.7115566730499268
ky	0.4800345003604889
ky	0.6298577189445496
ky	0.9932155609130859
ky	0.8803982734680176
kk	0.5642595887184143
ky	0.9311737418174744
ky	0.39343079924583435
ky	0.34303492307662964
ky	0.8530294895172119
ky	0.9523788094520569
ky	0.3861750662326813
ky	0.7960581183433533
ky	0.6491169929504395
ky	0.5606667399406433
ky	0.7702634334564209
ky	0.6533626914024353
ky	0.8895288705825806
ky	0.6489519476890564
ky	0.9128968715667725
tt	0.7204579710960388
ky	0.909343421459198
kk	0.4783903956413269
ky	0.779274046421051
ky	0.6834118962287903
kk	0.6792027354240417
ky	0.6815011501312256
ky	0.8987627029418945
tt	0.7402464747428894
ky	0.7745986580848694
tt	0.5064283013343811
ky	0.488330602645874
kk	0.5196573734283447
ky	0.5890578627586365
ky	0.6900691390037537
ky	0.8074732422828674
ky	0.43679413199424744
kk	0.6254858374595642
ky	0.6026422381401062
ky	0.6131721138954163
kk	0.27223506569862366
tt	0.686050295829773
kk	0.9000352621078491
ky	0.867168664932251
ky	0.5398183465003967
ky	0.719842255115509
kk	0.5889570713043213
kk	0.7953565120697021
kk	0.662601113319397
ky	0.8466547727584839
kk	0.8969097137451172
kk	0.8663287162780762
ky	0.9478583335876465
ky	0.6678544282913208
ky	0.6435526013374329
ky	0.9209825992584229
kk	0.5650812983512878
ky	0.7918928861618042
ky	0.6294530034065247
kk	0.513900876045227
kk	0.6417146921157837
ky	0.7141073346138
ky	0.9494074583053589
ky	0.9439361691474915
ky	0.8454055190086365
ky	0.5301246643066406
ky	0.807192325592041
ky	0.9604089856147766
ky	0.9532291889190674
ky	0.9223446846008301
ky	0.4174628257751465
ky	0.4663073718547821
ky	0.4481498599052429
ky	0.8004234433174133
kk	0.37700772285461426
ky	0.6746498346328735
ky	0.8359791040420532
ky	0.8182676434516907
ru	0.39088812470436096
kk	0.39304813742637634
ky	0.8977216482162476
kk	0.5583268404006958
ky	0.9274746179580688
ky	0.9048431515693665
ky	0.9231018424034119
tt	0.4496850073337555
ky	0.9049990773200989
ky	0.7230871319770813
ru	0.725002646446228
ky	0.6966133713722229
ky	0.9448422789573669
ky	0.8464468121528625
ky	0.8829235434532166
ru	0.32504743337631226
ky	0.9287607669830322
ky	0.7982027530670166
ky	0.7652418613433838
ky	0.5134293437004089
ky	0.41203105449676514
ky	0.6513897776603699
ky	0.9600770473480225
ru	0.5750407576560974
krc	0.3491051495075226
ky	0.7701801061630249
ru	0.8107061386108398
kk	0.9975746870040894
kk	0.9784747362136841
tt	0.9029706120491028
tt	0.5185413956642151
mk	0.8069583773612976
ky	0.7092834115028381
ky	0.7480928897857666
ru	0.5465023517608643
kk	0.555591344833374
kk	0.7624685764312744
kk	0.5471935868263245
ky	0.36900094151496887
ru	0.3353457748889923
ky	0.8161707520484924
ky	0.8913442492485046
ky	0.9624571800231934
ky	0.7550984621047974
ky	0.5143409967422485
ky	0.5485537052154541
ky	0.4831075668334961
ky	0.9877740740776062
tt	0.5018064379692078
ky	0.8199170231819153
kk	0.49206241965293884
kk	0.5108368992805481
kk	0.7482767701148987
ky	0.5991803407669067
ky	0.9496768712997437
ky	0.46504855155944824
ky	0.8941770195960999
kk	0.4597332179546356
kk	0.5005736351013184
kk	0.619804859161377
kk	0.5499839782714844
tt	0.37318605184555054
ky	0.5186814665794373
ky	0.6378529667854309
kk	0.7858951687812805
ky	0.9296718835830688
kk	0.37379974126815796
ky	0.4229213297367096
ky	0.8204615116119385
kk	0.5772215723991394
tt	0.35682210326194763
ky	0.6704244017601013
kk	0.9629457592964172
ky	0.7863531708717346
ky	0.9359477162361145
ky	0.6108470559120178
ky	0.9311590790748596
ky	0.9263326525688171
ky	0.5735749006271362
ky	0.8563734889030457
ky	0.7617704272270203
ky	0.2699763774871826
ru	0.6270121335983276
ky	0.32850807905197144
ru	0.7703872323036194
tt	0.6907840371131897
ky	0.8302017450332642
ky	0.4287804067134857
ky	0.4487680494785309
kk	0.5597055554389954
tt	0.6724360585212708
ky	0.31797122955322266
ky	0.6350589990615845
tt	0.7378938794136047
ky	0.5929328799247742
ru	0.8531091809272766
ky	0.41698578000068665
kk	0.9716935157775879
ky	0.7007831931114197
ky	0.9904540777206421
ky	0.5245761871337891
mk	0.667551577091217
ba	0.33034542202949524
mk	0.942865252494812
ky	0.531264066696167
ky	0.8636578321456909
ky	0.41854768991470337
ky	0.9664475321769714
kk	0.5004066824913025
kk	0.396507203578949
ky	0.5503332018852234
ky	0.9953916072845459
ky	0.4627295136451721
ky	0.2806202471256256
tt	0.4005555212497711
ky	0.4773319661617279
ky	0.7495511770248413
ky	0.83967524766922
ky	0.8291399478912354
ky	0.6524583697319031
ky	0.47579672932624817
tt	0.4693908989429474
ky	0.5869588255882263
kk	0.6391496062278748
ky	0.8485735058784485
kk	0.30904895067214966
ky	0.578008770942688
ky	0.7127688527107239
kk	0.7650492787361145
ky	0.9905706644058228
ky	0.766900360584259
kk	0.5960647463798523
ky	0.6342746019363403
kk	0.6888011693954468
ky	0.5641143918037415
ky	0.4026693105697632
ky	0.8205714225769043
ky	0.6711708307266235
kk	0.6823412179946899
ru	0.7272094488143921
ru	0.6965388655662537
ky	0.7918410897254944
kk	0.5725722908973694
ky	0.7100292444229126
ky	0.918196439743042
ky	0.5299204587936401
ky	0.9268060922622681
ky	0.9046353101730347
ky	0.804450511932373
ky	0.8535937666893005
ru	0.7308329939842224
ky	0.7662187814712524
ru	0.39253219962120056
ky	0.5948237180709839
ky	0.8542189002037048
ky	0.5681484937667847
ky	0.7921186089515686
ky	0.7241619229316711
ky	0.6716007590293884
ky	0.7195737361907959
ru	0.6379762291908264
ky	0.737848162651062
ky	0.8767517805099487
ky	0.8443319797515869
ky	0.6622528433799744
ky	0.5766677856445312
ky	0.7533951997756958
ky	0.8947042226791382
ky	0.7847164869308472
ky	0.5634003281593323
ky	0.8830500245094299
ky	0.6365638375282288
ky	0.8960229754447937
ky	0.3439326584339142
ky	0.7023319602012634
ky	0.8601763844490051
kk	0.6414430141448975
ky	0.8262506723403931
ru	0.5042011141777039
ky	0.9748938679695129
ky	0.7678318619728088
ky	0.8544051051139832
ru	0.8070718050003052
ky	0.9437246918678284
ky	0.91529381275177
kk	0.9253915548324585
ky	0.8758401274681091
ky	0.8293821811676025
ky	0.8851107954978943
ky	0.9395090937614441
ky	0.6987690329551697
ky	0.8948864936828613
ky	0.6546720266342163
ky	0.5033435225486755
ky	0.9334163665771484
ky	0.9065829515457153
ky	0.7233991622924805
ky	0.8865073919296265
ky	0.3068624436855316
kk	0.5076550841331482
ky	0.453877717256546
ru	0.4275716543197632
mn	0.557702898979187
kk	0.2766706049442291
ky	0.8640010356903076
ky	0.9137055277824402
ky	0.5017143487930298
ky	0.8770394325256348
ru	0.6435399055480957
ky	0.544996976852417
kk	0.5355838537216187
ky	0.6833840608596802
kk	0.758030354976654
ky	0.8166071176528931
ky	0.49328628182411194
ky	0.814665675163269
ky	0.8056150674819946
ky	0.9262780547142029
ru	0.43588897585868835
ky	0.9542402029037476
ky	0.556593120098114
ky	0.5073009133338928
ky	0.5293562412261963
ky	0.8635975122451782
ky	0.9183222055435181
ky	0.5500057935714722
ky	0.46846020221710205
ky	0.6933881044387817
ky	0.8443779945373535
ky	0.49857503175735474
ky	0.6086159348487854
ky	0.7025887966156006
ru	0.46820104122161865
kk	0.7957580089569092
kk	0.5502614974975586
ky	0.9178630113601685
ky	0.8114448189735413
ky	0.44572243094444275
ky	0.8915305137634277
ky	0.9171280264854431
ky	0.9602648615837097
ky	0.6136534214019775
kk	0.6337341070175171
ky	0.5459063649177551
ky	0.38298913836479187
ky	0.8620543479919434
ky	0.6714735627174377
ru	0.6821659803390503
ky	0.8927336931228638
ky	0.5984176993370056
ky	0.8738729357719421
ky	0.40383458137512207
ky	0.877329409122467
ky	0.8588191866874695
ky	0.6212085485458374
ky	0.6182478666305542
ky	0.73212069272995
ky	0.8494395613670349
ky	0.9025862216949463
ky	0.5079639554023743
kk	0.5797348022460938
ky	0.7942932844161987
kk	0.3684878647327423
ky	0.9079899787902832
ky	0.5123494863510132
tt	0.5683293342590332
ky	0.580276370048523
ky	0.6901942491531372
ky	0.7445840239524841
ky	0.7402520179748535
ky	0.5807681083679199
kk	0.7117478251457214
ky	0.6398712992668152
ky	0.4921012222766876
ky	0.4250885844230652
ky	0.5837084650993347
ky	0.5538866519927979
ky	0.8830740451812744
ky	0.8455893993377686
ky	0.9756383895874023
mk	0.48246070742607117
ru	0.24082167446613312
ky	0.3904329836368561
ru	0.3974289894104004
ky	0.754612922668457
ky	0.41642218828201294
ru	0.677214503288269
ky	0.6661058664321899
kk	0.707139253616333
ky	0.5913568139076233
ky	0.8304839730262756
ky	0.8932344317436218
ky	0.9258475303649902
ky	0.8798527717590332
ky	0.7427636981010437
ky	0.3922240436077118
ky	0.9699997305870056
tt	0.41145291924476624
ky	0.8150702118873596
ky	0.43974772095680237
ky	0.7761685848236084
ky	0.8411728739738464
ky	0.8603761196136475
ky	0.710588812828064
ky	0.9329419732093811
kk	0.6779428124427795
ky	0.9315873980522156
ky	0.9724538922309875
ky	0.814772367477417
kk	0.5183990597724915
ky	0.7187445163726807
ky	0.6105051636695862
ky	0.39837512373924255
ru	0.5386355519294739
ky	0.6771777868270874
kk	0.42813828587532043
ky	0.7874544262886047
ky	0.7909809350967407
ky	0.9005479216575623
ky	0.6945333480834961
mn	0.3538057804107666
ky	0.7578169107437134
ky	0.9260934591293335
ky	0.735890805721283
kk	0.40730345249176025
ky	0.877173125743866
tt	0.293314129114151
kk	0.3964536786079407
ky	0.6568967700004578
ky	0.7107040286064148
ky	0.47587522864341736
ky	0.8637719750404358
ru	0.6917177438735962
ky	0.7509145736694336
ky	0.5450405478477478
kk	0.5089558959007263
ky	0.9043229818344116
ky	0.9195362329483032
ru	0.4931708574295044
ky	0.8104990124702454
ky	0.3713338375091553
ky	0.994385302066803
ky	0.5345552563667297
ky	0.1953786164522171
ky	0.5367763042449951
ky	0.5139409899711609
kk	0.3141843378543854
ky	0.859527051448822
ru	0.38856562972068787
ky	0.9804151654243469
ky	0.5575807094573975
ky	0.8459421992301941
ru	0.6171439290046692
kk	0.18669535219669342
ky	0.9058527946472168
ky	0.5862346291542053
ky	0.6504926085472107
ky	0.7787348628044128
ky	0.4949939250946045
ky	0.5007308125495911
kk	0.34249117970466614
ky	0.7147306799888611
ky	0.8946712017059326
ky	0.9127484560012817
ky	0.5326724052429199
ky	0.5573115944862366
ky	0.7208778858184814
ky	0.9136149883270264
ky	0.9116817712783813
ky	0.2788773775100708
ru	0.5095426440238953
ky	0.6127445697784424
ky	0.811742901802063
ky	0.756833016872406
ky	0.6346299648284912
ky	0.8807708621025085
ky	0.8643193244934082
ky	0.40635251998901367
ky	0.7779523134231567
ky	0.7494804859161377
ky	0.4008001685142517
ky	0.44411057233810425
kk	0.38674166798591614
ru	0.3073274493217468
ky	0.45693981647491455
ky	0.6208095550537109
ky	0.730156421661377
ky	0.4050266742706299
ky	0.602178156375885
kk	0.6146770715713501
ky	0.8411338329315186
ky	0.8708004951477051
ky	0.6941320896148682
ky	0.7979844808578491
ky	0.3566829562187195
ky	0.9919232130050659
ky	0.9151084423065186
ky	0.875002384185791
ky	0.9317471385002136
ky	0.6508806943893433
ky	0.41557231545448303
ky	0.7031608819961548
ky	0.8796778321266174
ru	0.5500830411911011
ru	0.755521833896637
ky	0.4440166652202606
ky	0.7877848744392395
ru	0.5369484424591064
ky	0.9172617197036743
kk	0.7326575517654419
kk	0.9078141450881958
ky	0.43756482005119324
ru	0.3704102039337158
kk	0.550940752029419
ky	0.9562910199165344
ky	0.7417330741882324
kk	0.9783056974411011
ky	0.6405128240585327
ba	0.6127806901931763
ky	0.8961348533630371
ky	0.7763880491256714
ru	0.9617995023727417
ky	0.7753775119781494
ky	0.9880778789520264
ky	0.8913111686706543
ky	0.790500819683075
kk	0.6087378263473511
ky	0.9107630252838135
ky	0.96329265832901
ky	0.7732415199279785
ky	0.9430099725723267
ru	0.7641169428825378
kk	0.8390056490898132
ky	0.9092769622802734
ky	0.7641589641571045
kk	0.39189857244491577
kk	0.42952072620391846
kk	0.6188911199569702
tt	0.3846740126609802
tt	0.27978646755218506
ky	0.8046971559524536
ky	0.7026799321174622
ky	0.8116613626480103
ky	0.7260376811027527
ky	0.9832184314727783
ky	0.5560248494148254
ky	0.45820677280426025
tt	0.5022441148757935
ky	0.33861345052719116
ky	0.7489127516746521
ky	0.8425004482269287
kk	0.964514970779419
ky	0.6816682815551758
ky	0.8215662837028503
ky	0.8722357153892517
ky	0.48364582657814026
ru	0.35128965973854065
ky	0.841601550579071
ky	0.983109712600708
ky	0.9153395295143127
ky	0.9682655930519104
ky	0.852593719959259
tt	0.46648091077804565
kk	0.6865943670272827
ky	0.8402493000030518
ky	0.7619256377220154
kk	0.5756645798683167
ky	0.9641514420509338
ky	0.9313461184501648
kk	0.4839314818382263
ky	0.6737657189369202
ky	0.9408086538314819
ky	0.9508195519447327
ky	0.4240626394748688
ru	0.43535956740379333
ky	0.5427507162094116
ky	0.9710530042648315
ru	0.8541899919509888
tt	0.8015068769454956
kk	0.40594157576560974
ky	0.6920061111450195
ky	0.9177525043487549
tt	0.5439703464508057
tt	0.3767632246017456
ru	0.3443479537963867
ky	0.7420588731765747
ky	0.8637415170669556
ky	0.4890814423561096
kk	0.5645950436592102
ky	0.6146977543830872
ky	0.8865274786949158
ky	0.8610336184501648
ky	0.7295038104057312
ky	0.5155920386314392
ky	0.8800543546676636
ru	0.2948985695838928
ky	0.6634876728057861
ru	0.7802810072898865
ky	0.6270050406455994
ky	0.7614601850509644
ky	0.9061273336410522
ru	0.40444037318229675
ky	0.8481993079185486
ky	0.8240354657173157
ky	0.9298464059829712
ky	0.816859245300293
ky	0.7866560220718384
ky	0.748579204082489
ky	0.8489753603935242
ky	0.6984816193580627
ky	0.7433998584747314
ky	0.9561485052108765
tt	0.5862895250320435
ky	0.6389371752738953
ru	0.5872676968574524
ky	0.656605064868927
ky	0.8933818936347961
ky	0.9639649987220764
ky	0.6587051749229431
tt	0.4212820529937744
ky	0.6693699359893799
ky	0.47474777698516846
ky	0.5513530969619751
ky	0.6581188440322876
ky	0.9276881814002991
tt	0.4743993878364563
ky	0.3062552213668823
ky	0.7760649919509888
ky	0.7498795986175537
ky	0.7519747018814087
ky	0.6262210011482239
ky	0.8633692264556885
ru	0.3475657105445862
ky	0.6638674139976501
ru	0.6479530334472656
ru	0.48014846444129944
ky	0.619516134262085
ky	0.33766618371009827
ky	0.39551612734794617
ky	0.948692262172699
kk	0.9532582759857178
ky	0.8134015798568726
kk	0.31260836124420166
tt	0.3781912922859192
kk	0.7377361059188843
ky	0.5125324726104736
ky	0.3543388545513153
ky	0.6823239922523499
kk	0.9317808151245117
kk	0.3375026285648346
ky	0.7754403948783875
ru	0.7707864046096802
ky	0.9901700615882874
ky	0.6613755226135254
ky	0.7512314319610596
ky	0.7715346813201904
ky	0.8152886033058167
ky	0.9160327315330505
kk	0.5223757028579712
ky	0.8808199167251587
ky	0.4414046108722687
ky	0.7729554176330566
kk	0.35615062713623047
ky	0.7230210900306702
ky	0.696566641330719
ru	0.5347715020179749
ky	0.564423680305481
ky	0.5137206315994263
ky	0.870476245880127
ky	0.891589343547821
ky	0.6017078757286072
ky	0.34761542081832886
ky	0.4313838481903076
ky	0.8096290826797485
tt	0.4254726767539978
kk	0.38181939721107483
kk	0.5221449136734009
ky	0.5184175372123718
ky	0.45272937417030334
ky	0.5528687834739685
ky	0.5169606804847717
ky	0.8896862268447876
ky	0.7837058901786804
tt	0.3955877423286438
ky	0.7453188896179199
ky	0.8624303340911865
ky	0.7694697976112366
ky	0.706972062587738
ky	0.8765062689781189
ky	0.8395151495933533
ru	0.3738935589790344
ru	0.413155734539032
ky	0.9835957288742065
ky	0.31608104705810547
ky	0.452301025390625
ky	0.7431710362434387
tt	0.6369547843933105
mk	0.5523200035095215
tt	0.833439826965332
ky	0.419455885887146
ba	0.9072474241256714
ky	0.8945150971412659
kk	0.6566093564033508
tt	0.5216392278671265
ky	0.6674264669418335
ru	0.7523826360702515
tt	0.48679473996162415
ky	0.6331594586372375
ky	0.3802168667316437
kk	0.6278944611549377
kk	0.6278944611549377
ru	0.5775063633918762
ru	0.7125344276428223
mn	0.30388012528419495
mn	0.7516369819641113
kk	0.7345895171165466
ky	0.28636905550956726
tt	0.6962096691131592
ky	0.5112171173095703
ky	0.9323766827583313
ky	0.8624206185340881
ky	0.699017345905304
ky	0.8191314935684204
ky	0.413984090089798
ky	0.5672627091407776
ky	0.8710889220237732
tt	0.871850848197937
ky	0.8275110125541687
ky	0.9122852683067322
ru	0.7333541512489319
ky	0.9705435037612915
kk	0.5161963105201721
kk	0.6845866441726685
ky	0.5989354848861694
ky	0.8198878169059753
ky	0.4111475348472595
kk	0.5055568218231201
ky	0.9642931818962097
ky	0.6577497124671936
ky	0.4600490629673004
kk	0.6333529949188232
tt	0.5324586629867554
ky	0.6769018769264221
ky	0.7093155980110168
ky	0.6506941318511963
ky	0.8636602163314819
ky	0.33204105496406555
ky	0.8791698217391968
ky	0.5403756499290466
ky	0.799536943435669
ky	0.7686027884483337
ky	0.9108338952064514
ky	0.8654511570930481
ky	0.9172759652137756
ru	0.7882215976715088
ky	0.8121066093444824
ky	0.8800448775291443
tt	0.4938609004020691
ky	0.8921123743057251
tt	0.6605479121208191
ky	0.944922685623169
ky	0.8188459873199463
ky	0.5063119530677795
ky	0.39781734347343445
tt	0.4926721155643463
kk	0.6964670419692993
ky	0.7325453758239746
ky	0.907385528087616
ky	0.5821241736412048
ky	0.5733186602592468
ky	0.9253133535385132
ky	0.7068265080451965
ru	0.4898433983325958
tt	0.441467821598053
ky	0.37754106521606445
ky	0.5978904962539673
ru	0.6217470765113831
ru	0.4573627710342407
kk	0.3243929147720337
kk	0.7315546870231628
ky	0.7996333837509155
ky	0.7717137336730957
ky	0.8274273872375488
ky	0.9718824625015259
ky	0.7846042513847351
kk	0.5771347284317017
ky	0.9194552898406982
ky	0.48785388469696045
ky	0.362853080034256
ky	0.8878416419029236
ru	0.7053432464599609
kk	0.5713890194892883
mn	0.3261772394180298
mn	0.42536139488220215
mhr	0.15592320263385773
ru	0.49178504943847656
ru	0.5326531529426575
ky	0.9431881308555603
kk	0.9375031590461731
ru	0.573627233505249
kk	0.489343523979187
kk	0.9732324481010437
sr	0.6443134546279907
sr	0.6443134546279907
ky	0.7106380462646484
ky	0.773421585559845
ky	0.6782174110412598
ru	0.47025254368782043
ky	0.9009023904800415
tt	0.48001277446746826
ky	0.8287451267242432
ky	0.8479676246643066
ky	0.4915086030960083
ky	0.9554738998413086
ky	0.5977099537849426
ky	0.9246798157691956
ky	0.9659022092819214
ky	0.4871417284011841
ru	0.490782767534256
ky	0.51248699426651
ky	0.8595772981643677
ky	0.643501877784729
uk	0.4272485077381134
kk	0.6778048872947693
mk	0.40856802463531494
kk	0.8313782215118408
ru	0.5093806982040405
ru	0.6044449806213379
kk	0.7810541987419128
ru	0.523982584476471
ky	0.9117947816848755
ru	0.4326893389225006
kk	0.8025054335594177
ky	0.2703090012073517
ky	0.3266029953956604
ky	0.23591099679470062
ru	0.32610493898391724
ru	0.5547284483909607
ru	0.514350175857544
kk	0.3348178267478943
tt	0.333862841129303
ru	0.6555207967758179
ru	0.6555207967758179
kk	0.5573598742485046
kk	0.5973681211471558
kk	0.7124289870262146
kk	0.7332740426063538
ru	0.7031060457229614
ky	0.7512990832328796
ky	0.7512990832328796
ru	0.24610702693462372
kk	0.8131406903266907
kk	0.8343998193740845
kk	0.8268941640853882
kk	0.849189817905426
tt	0.7412500977516174
ky	0.5420262217521667
ky	0.8442752361297607
ky	0.5876588821411133
ru	0.6810612082481384
ky	0.9233542084693909
bg	0.5023599863052368
ru	0.6249574422836304
ky	0.555409848690033
ru	0.33873307704925537
ky	0.9549501538276672
mhr	0.33369946479797363
ky	0.9681975841522217
ky	0.9947075843811035
ky	0.9194068312644958
kk	0.8789892196655273
ky	0.6131088137626648
ky	0.6873507499694824
mn	0.28321415185928345
ky	0.509697437286377
kk	0.36652231216430664
kk	0.6610954999923706
tt	0.7370534539222717
kk	0.7251279354095459
ru	0.3088121712207794
kk	0.9402769804000854
kk	0.4745877981185913
ky	0.564091145992279
ky	0.7109515070915222
ky	0.5833435654640198
mr	0.2766343355178833
kk	0.6739431619644165
ky	0.49583351612091064
kk	0.35162290930747986
ba	0.2841167747974396
kk	0.857397198677063
tt	0.4078346788883209
ky	0.9260581731796265
ky	0.8806894421577454
kk	0.32045623660087585
ru	0.4287588596343994
ky	0.5297920107841492
kk	0.8688703179359436
kk	0.7389996647834778
ky	0.5923328399658203
kk	0.3372240364551544
ky	0.5635690093040466
ru	0.2695803642272949
ky	0.6923217177391052
ky	0.8544191718101501
ky	0.7607523798942566
kk	0.4829886257648468
kk	0.43501535058021545
kk	0.5891478657722473
ru	0.5383851528167725
kk	0.44321882724761963
ru	0.8209386467933655
tt	0.5804833173751831
kk	0.5589724779129028
ky	0.46050360798835754
ky	0.6796117424964905
ru	0.7290961146354675
ky	0.9734469652175903
tt	0.49849385023117065
kk	0.576221764087677
ru	0.5433693528175354
ru	0.5433693528175354
ky	0.47659629583358765
ky	0.912900447845459
ky	0.6896852850914001
ky	0.9559950828552246
ky	0.884983241558075
ky	0.873977541923523
kk	0.5951993465423584
kk	0.7370887398719788
tt	0.5356709957122803
mhr	0.4076404869556427
ky	0.43701645731925964
ky	0.8285412788391113
mk	0.7338603138923645
ru	0.2634744346141815
ru	0.6694968342781067
ru	0.7326376438140869
ru	0.5900470614433289
tt	0.47984814643859863
ky	0.39861223101615906
ru	0.2640586495399475
kk	0.3738380968570709
ky	0.5962093472480774
ky	0.6071138978004456
tt	0.5306878685951233
kk	0.5015020370483398
kk	0.7822234034538269
ru	0.3271189033985138
ru	0.43526211380958557
ru	0.5292069315910339
ba	0.3548172116279602
ru	0.8511565327644348
ba	0.29529720544815063
bg	0.32885557413101196
ky	0.5264442563056946
ky	0.5872018337249756
ru	0.8468839526176453
ky	0.6245930790901184
ky	0.9263488054275513
mk	0.4360320568084717
ky	0.2874743342399597
kk	0.7368367314338684
ky	0.6357260942459106
ru	0.5778152942657471
ru	0.6106065511703491
ky	0.6241182088851929
kk	0.48792147636413574
lez	0.3753165900707245
ru	0.8621824383735657
ky	0.6489949226379395
ky	0.9983824491500854
ru	0.849196195602417
ky	0.6303413510322571
tt	0.7919242978096008
ky	0.3603779375553131
kk	0.8500433564186096
ru	0.3793382942676544
mhr	0.4273577332496643
kk	0.7617930173873901
ky	0.7348037958145142
ru	0.3885989189147949
ky	0.556315541267395
ky	0.788566529750824
ru	0.39124664664268494
mhr	0.574958086013794
ru	0.7039192318916321
kk	0.5799071192741394
kk	0.9206613898277283
ru	0.9197717905044556
tt	0.5351759791374207
kk	0.5047210454940796
bg	0.4508541226387024
ky	0.7617267966270447
tt	0.23572726547718048
ru	0.883202075958252
ru	0.8124932050704956
kk	0.456561803817749
mk	0.6557948589324951
ru	0.9395643472671509
ky	0.39353421330451965
tt	0.2804437279701233
tt	0.7079429626464844
ba	0.1860431283712387
ky	0.917607307434082
ky	0.28651943802833557
ru	0.6036826372146606
ce	0.33990728855133057
mk	0.2966906428337097
tt	0.3903733193874359
ky	0.5401014685630798
ky	0.8066604733467102
ru	0.9155270457267761
kk	0.8342123031616211
kk	0.6611242890357971
kk	0.49220314621925354
ru	0.39690467715263367
bg	0.3405224680900574
kk	0.9691023230552673
kk	0.880226731300354
kk	0.39799076318740845
ru	0.8994505405426025
ky	0.2818129360675812
ru	0.7466480731964111
kk	0.656868577003479
uk	0.3247584402561188
kk	0.6699715256690979
ru	0.5434581637382507
tt	0.5126937627792358
ru	0.3985224962234497
kk	0.726571798324585
tt	0.9540004730224609
ru	0.8432034254074097
fi	0.8308529853820801
lez	0.35097184777259827
ky	0.7022736072540283
ru	0.48366761207580566
ru	0.5519769191741943
ru	0.9561606645584106
uk	0.672299861907959
ky	0.3468608260154724
kk	0.1882331669330597
ru	0.34382104873657227
ru	0.9024220705032349
ru	0.7807879447937012
ru	0.9032556414604187
ru	0.8651214241981506
ru	0.3197987377643585
ky	0.7779988050460815
ru	0.700648844242096
mk	0.29931432008743286
ru	0.8719940781593323
ru	0.8166736960411072
ru	0.9511070847511292
ky	0.6063847541809082
ru	0.31480708718299866
ru	0.9083457589149475
ru	0.8010979294776917
kk	0.7248104214668274
kk	0.4530046284198761
ky	0.9198904037475586
kk	0.7041095495223999
ky	0.4289748966693878
ky	0.5202505588531494
ky	0.3506914973258972
ru	0.49507051706314087
ru	0.49507051706314087
ky	0.6164386868476868
kk	0.48965680599212646
ru	0.6177682280540466
ky	0.5676859021186829
ky	0.5676859021186829
ky	0.7876502871513367
ru	0.3442547023296356
ru	0.8013750910758972
ru	0.441718727350235
ky	0.78997802734375
kk	0.5766842365264893
kk	0.7389996647834778
sah	0.9252828359603882
ky	0.4545869827270508
kk	0.5788281559944153
ky	0.8010594844818115
kk	0.9575490355491638
tt	0.23572726547718048
ky	0.8950070738792419
ky	0.5527713298797607
ky	0.7594144940376282
tt	0.4670802354812622
ky	0.5900842547416687
ky	0.5900842547416687
ky	0.8199881315231323
ky	0.5583272576332092
az	0.1821037232875824
kk	0.6071628928184509
tt	0.6084212064743042
kk	0.8931112289428711
ru	0.7632164359092712
ru	0.8479813933372498
kk	0.6279067993164062
ru	0.488518089056015
ky	0.4347813129425049
ky	0.5247778296470642
ky	0.5487564206123352
ru	0.49278584122657776
kk	0.48169296979904175
ky	0.9004164934158325
ru	0.5379905700683594
mk	0.5105305910110474
ky	0.3800904452800751
ru	0.7339614033699036
ru	0.5151391625404358
tt	0.4142855703830719
ky	0.6028904318809509
ky	0.5801690816879272
ru	0.7981513738632202
kk	0.6241726279258728
kk	0.9969586133956909
kk	0.9885488748550415
tt	0.49526089429855347
ky	0.4654598534107208
ky	0.835446298122406
ru	0.8635441660881042
ky	0.6836097240447998
ru	0.45578721165657043
ru	0.7397991418838501
ky	0.8717349171638489
sr	0.6011456847190857
ky	0.9114323854446411
ky	0.5207675099372864
kk	0.5751678943634033
kk	0.824819028377533
cs	0.6289164423942566
ky	0.64495450258255
ky	0.7230831980705261
be	0.34864044189453125
ky	0.5973223447799683
ru	0.37108534574508667
tt	0.4186382591724396
ky	0.42286816239356995
ky	0.5786741375923157
ru	0.6869471669197083
ru	0.534092903137207
ky	0.7446367144584656
ru	0.5204060077667236
kk	0.37655964493751526
kk	0.8378642201423645
ru	0.3314216732978821
ky	0.3677370846271515
ru	0.5672413110733032
tt	0.46065056324005127
ky	0.8658367991447449
ru	0.9143239855766296
kk	0.28919973969459534
kk	0.5561978220939636
ky	0.7819332480430603
kk	0.42717278003692627
kk	0.6867737770080566
ky	0.37868359684944153
ru	0.5010955333709717
ky	0.6383976936340332
kk	0.44710272550582886
kk	0.5233283638954163
mn	0.6335690021514893
ru	0.913463294506073
kk	0.425250381231308
ru	0.9602386355400085
ru	0.842890739440918
ru	0.5757540464401245
ky	0.5554288029670715
ky	0.5332291126251221
ky	0.668846607208252
tt	0.5758242011070251
ru	0.34794485569000244
tt	0.9162031412124634
kk	0.48146697878837585
ru	0.7136346101760864
ky	0.37177473306655884
mn	0.835512101650238
kk	0.773621678352356
ru	0.9029836654663086
ru	0.7938984036445618
ru	0.5725873708724976
uk	0.28268319368362427
ky	0.5023766756057739
mn	0.4736872911453247
ky	0.5997607707977295
ru	0.31716158986091614
ru	0.39478185772895813
ru	0.7368254065513611
lez	0.427169531583786
ky	0.31091803312301636
kk	0.5534011721611023
ky	0.3523481488227844
ky	0.9705533981323242
ru	0.5125446915626526
ky	0.763307511806488
ky	0.4789203107357025
tt	0.76128089427948
kk	0.863052248954773
ky	0.5048173666000366
ky	0.5203219652175903
ru	0.49394461512565613
kk	0.9663209915161133
ky	0.970058798789978
kk	0.8543062210083008
ky	0.9983904361724854
tt	0.6860373616218567
ky	0.28101420402526855
kk	0.5230486392974854
ru	0.5069261789321899
ky	0.6569625735282898
ba	0.38285374641418457
mn	0.1884387880563736
ky	0.9862909317016602
ru	0.5801559686660767
ru	0.5328543186187744
ru	0.314969003200531
mk	0.7760902047157288
ky	0.39830321073532104
kk	0.653781533241272
ky	0.849608838558197
ru	0.4364681839942932
tt	0.5252670645713806
ky	0.5637075304985046
ru	0.7617840766906738
ky	0.6393676996231079
bg	0.3173494040966034
ky	0.7081287503242493
ky	0.5619280338287354
ru	0.9085946679115295
bg	0.791573166847229
ce	0.39732465147972107
ba	0.351901650428772
ky	0.5392098426818848
mn	0.27845829725265503
ru	0.4855306148529053
ru	0.5733065605163574
ky	0.804463267326355
ky	0.8342763185501099
ru	0.7699849009513855
ky	0.8661112785339355
ky	0.9169703722000122
kk	0.9600233435630798
kk	0.8823299407958984
kk	0.3846537470817566
ky	0.30755898356437683
ru	0.36903777718544006
ru	0.5221060514450073
ky	0.8518603444099426
ru	0.8156927227973938
mn	0.6300370693206787
ru	0.23832689225673676
ky	0.6202355623245239
ky	0.593870222568512
ky	0.6702507734298706
kk	0.43762844800949097
tt	0.28873029351234436
tt	0.49200209975242615
kk	0.821799635887146
ru	0.8077025413513184
ky	0.7563652396202087
ky	0.7106230854988098
tt	0.6419544219970703
ky	0.5516241192817688
ky	0.7436779141426086
ru	0.2827107608318329
kk	0.771006166934967
kk	0.9830210208892822
ky	0.982938289642334
mk	0.42146146297454834
ru	0.6232648491859436
kk	0.6771249175071716
ky	0.5844860672950745
ru	0.48871466517448425
kk	0.656137228012085
ky	0.6036849021911621
ru	0.35582655668258667
ru	0.27446770668029785
ky	0.864188551902771
tt	0.3676222264766693
ru	0.5797452330589294
ky	0.9756289124488831
tt	0.36517414450645447
kk	0.5180583000183105
ru	0.2940691411495209
kk	0.7135839462280273
ru	0.44522637128829956
ky	0.5342003107070923
ky	0.7129124402999878
ky	0.5220109224319458
ky	0.9038739800453186
ky	0.3471885919570923
ky	0.4226573407649994
ky	0.997696042060852
ru	0.36674579977989197
ru	0.3686899244785309
mk	0.5740433931350708
ru	0.32158374786376953
tt	0.4517495036125183
ru	0.6122542023658752
ru	0.7467013597488403
ky	0.5252029299736023
ky	0.9182363152503967
ky	0.9861217141151428
kk	0.3253900706768036
ru	0.7623078227043152
ru	0.5373338460922241
ky	0.7880882620811462
ky	0.4815934896469116
ky	0.6737542748451233
ky	0.506313145160675
ky	0.852881133556366
ky	0.3572007119655609
tt	0.6244751214981079
kk	0.42453691363334656
ky	0.8039509057998657
tt	0.41677379608154297
ba	0.348474383354187
ba	0.2581413984298706
tt	0.7781199812889099
kk	0.9747846126556396
ru	0.5527752041816711
ru	0.39565548300743103
ru	0.8558014035224915
ky	0.8004232048988342
ky	0.7530403733253479
ru	0.4653516411781311
ru	0.5794594287872314
ky	0.5059078931808472
ky	0.6591842770576477
ky	0.39297282695770264
ky	0.7107545137405396
kk	0.5750294327735901
kk	0.7081756591796875
ky	0.6056645512580872
kk	0.8872770071029663
ru	0.5978578329086304
tt	0.5939823985099792
tt	0.34421712160110474
kk	0.9490867257118225
ky	0.6961918473243713
kk	0.45840057730674744
kk	0.9399423599243164
ky	0.6858745217323303
ru	0.8064330220222473
ru	0.4513353407382965
ru	0.22497262060642242
ky	0.48168134689331055
kk	0.6036264896392822
ba	0.45731115341186523
tt	0.35909369587898254
ky	0.7342002987861633
tt	0.8646049499511719
kk	0.8442776799201965
sr	0.5277882218360901
ky	0.8660396933555603
ky	0.7056794762611389
ru	0.5631805062294006
ky	0.9786983132362366
kk	0.4507078528404236
tt	0.6244761347770691
ky	0.48550674319267273
ru	0.4814939498901367
ru	0.3980814218521118
ky	0.6366637349128723
kk	0.4453049302101135
ru	0.6600596904754639
ky	0.3303190767765045
tt	0.4293544292449951
ky	0.7559089660644531
ky	0.6156851053237915
kk	0.9405578970909119
ky	0.9605181217193604
kk	0.7566981315612793
ru	0.35441428422927856
ky	0.4852936267852783
ru	0.5478255152702332
ky	0.8985921740531921
kk	0.3048575520515442
ru	0.9412171244621277
ru	0.9050899147987366
kk	0.40613383054733276
kk	0.846660852432251
ky	0.8670434951782227
ru	0.38807812333106995
tt	0.3392508924007416
kk	0.6414291262626648
ky	0.8281047940254211
ky	0.7099587917327881
ky	0.9553404450416565
tt	0.4298170804977417
kk	0.5118183493614197
ky	0.42770519852638245
tt	0.32961544394493103
ba	0.4162009060382843
ky	0.9629282355308533
ky	0.9700974225997925
kk	0.6202078461647034
ky	0.5504994988441467
ky	0.9988707900047302
kk	0.6760657429695129
mhr	0.26164957880973816
kk	0.4942833185195923
ky	0.8464208841323853
kk	0.34894445538520813
ky	0.940129280090332
ky	0.6345102190971375
mk	0.30865734815597534
kk	0.6706447601318359
ky	0.3976941704750061
tt	0.5338991284370422
ky	0.8713752031326294
kk	0.880094051361084
ky	0.6360917091369629
tt	0.40957099199295044
ru	0.4758341312408447
ky	0.6725249886512756
ky	0.8163977265357971
ky	0.42386719584465027
ru	0.3861089050769806
ru	0.39028990268707275
ky	0.38756561279296875
ky	0.6254394054412842
ky	0.34233736991882324
tt	0.40822508931159973
ky	0.891008734703064
tt	0.34653452038764954
ky	0.5685961246490479
kk	0.7571876645088196
kk	0.5233863592147827
sr	0.6699272394180298
ru	0.8303229212760925
ru	0.757600724697113
ru	0.5786988139152527
ru	0.6159383058547974
ru	0.8672577738761902
ky	0.3152998983860016
ru	0.6461137533187866
kk	0.659231960773468
kk	0.6507912278175354
mn	0.3510398864746094
ru	0.9078827500343323
ru	0.8063967823982239
mk	0.6118952035903931
ky	0.8193911910057068
kk	0.509204089641571
kk	0.2874789834022522
ba	0.49085983633995056
ru	0.7680314779281616
tt	0.5890310406684875
ba	0.37699371576309204
ky	0.375201016664505
tt	0.410324364900589
ky	0.4323357343673706
ky	0.4271717071533203
ky	0.8478214740753174
ru	0.3206702768802643
ky	0.6339651346206665
ru	0.7301430106163025
mk	0.2513916790485382
ky	0.942026674747467
kk	0.8795308470726013
kk	0.4643103778362274
ky	0.9792936444282532
ky	0.979253888130188
ky	0.9477434158325195
ru	0.67641681432724
mhr	0.21258045732975006
kk	0.370589941740036
ky	0.973048210144043
ky	0.9974608421325684
tt	0.5145863890647888
kk	0.505463182926178
ru	0.4704042673110962
kk	0.9627938866615295
ky	0.7733598947525024
mn	0.3675418794155121
mhr	0.34499073028564453
ru	0.8374374508857727
ru	0.9057085514068604
kk	0.49118655920028687
tt	0.55547034740448
ru	0.48906946182250977
tt	0.4447143077850342
kk	0.7023935914039612
ru	0.8603940010070801
ky	0.5958998203277588
ru	0.9475743174552917
kk	0.8016546368598938
ky	0.921470046043396
ru	0.5301626920700073
ba	0.5203241109848022
ru	0.47602906823158264
ky	0.672834575176239
ky	0.9455724358558655
ru	0.9383702278137207
ru	0.441135048866272
ky	0.25242069363594055
uz	0.2870120108127594
kk	0.42145073413848877
ru	0.6396172642707825
kk	0.4222773313522339
kk	0.5813485383987427
kk	0.5166898965835571
kk	0.5624405145645142
tt	0.5696668028831482
ky	0.38767796754837036
ky	0.9986788630485535
kk	0.5200752019882202
mk	0.6953135132789612
ky	0.9863771796226501
mk	0.43084654211997986
kk	0.42111852765083313
ky	0.4284628629684448
mk	0.4559534192085266
ky	0.986960768699646
ky	0.7205276489257812
ky	0.9038963913917542
mn	0.6890109181404114
tt	0.5220798254013062
kk	0.8061886429786682
ky	0.5226439237594604
ky	0.9517671465873718
kk	0.7317405343055725
ru	0.9201083779335022
ru	0.6858190894126892
mhr	0.3383929133415222
ky	0.3534370958805084
ky	0.4818626940250397
mn	0.42507320642471313
ky	0.618702232837677
be	0.48729410767555237
ba	0.5576644539833069
kk	0.5585697293281555
mn	0.8527457118034363
ky	0.45291784405708313
ru	0.5310849547386169
ky	0.31549525260925293
ky	0.6753020882606506
ky	0.7177168726921082
ba	0.37162214517593384
ky	0.9911114573478699
tt	0.5984950661659241
tt	0.7467750906944275
ba	0.22689828276634216
ky	0.29303833842277527
ky	0.39985471963882446
ru	0.4732586443424225
ru	0.38861432671546936
kk	0.715141773223877
mk	0.5863175988197327
tt	0.4807586967945099
kk	0.4986554980278015
mn	0.9069831371307373
ky	0.7193855047225952
kk	0.40998876094818115
tt	0.6542105078697205
ky	0.7676092982292175
bg	0.4051923155784607
ky	0.8755400776863098
mn	0.8295278549194336
ru	0.5150362849235535
ky	0.4515360891819
ky	0.45515117049217224
kk	0.8444653749465942
kk	0.4313214123249054
ky	0.4223029911518097
tt	0.9676885604858398
ky	0.8433324694633484
ky	0.2858964502811432
kk	0.5077164173126221
kk	0.3649600148200989
kk	0.848761260509491
ky	0.24323701858520508
kk	0.2654714584350586
kk	0.49820077419281006
ky	0.6536985635757446
kk	0.6507669687271118
kk	0.4547947347164154
ky	0.8710184097290039
ru	0.8384069204330444
kk	0.7524896860122681
ky	0.3459937870502472
ky	0.6354371309280396
kk	0.9307442307472229
ru	0.9399964213371277
ru	0.7170624732971191
ky	0.886307954788208
ru	0.691170334815979
ky	0.9603294730186462
ky	0.6253598928451538
ky	0.7099660038948059
kk	0.7448372840881348
tt	0.8574262857437134
tt	0.30459150671958923
bg	0.678928554058075
ky	0.9620090126991272
tt	0.33807483315467834
ru	0.5852591395378113
ky	0.891077995300293
mn	0.27773675322532654
ky	0.9622051119804382
ru	0.4115496873855591
kk	0.4395586848258972
tt	0.5643777251243591
ky	0.7376793622970581
mk	0.3478059768676758
ky	0.9254736304283142
ru	0.4895343482494354
ru	0.4934937059879303
ru	0.8882028460502625
tt	0.6776314973831177
ky	0.7393401861190796
xal	0.2680909037590027
mn	0.2524738907814026
ky	0.6905347108840942
ky	0.7018056511878967
kk	0.7847309708595276
ru	0.3786371052265167
ba	0.44495245814323425
mn	0.8058571815490723
ru	0.6236072778701782
tt	0.534744918346405
ky	0.4577368199825287
ky	0.43233722448349
ky	0.8418216705322266
kk	0.38922423124313354
ru	0.44013309478759766
ru	0.5619215369224548
ru	0.501365065574646
tt	0.8155667185783386
ky	0.7626209855079651
ru	0.7718139886856079
ky	0.41846296191215515
tt	0.40603023767471313
kk	0.4039187729358673
ky	0.689724862575531
ky	0.5480563044548035
mhr	0.2667001187801361
tt	0.3389224112033844
kk	0.6178078651428223
kk	0.5659494996070862
ba	0.30025529861450195
kk	0.5669692754745483
ky	0.4640544652938843
ky	0.4440757632255554
ky	0.8525646328926086
ky	0.4640524387359619
ru	0.715989887714386
ky	0.9767751097679138
ru	0.37103748321533203
ky	0.7139448523521423
ky	0.4579852521419525
mn	0.5541163682937622
kk	0.2509530186653137
ru	0.5232862234115601
ru	0.5381453037261963
ky	0.3004150390625
ky	0.7914226055145264
tt	0.6005609631538391
ky	0.7255502343177795
ru	0.8490232229232788
ky	0.5788394212722778
sr	0.504914402961731
kk	0.7271813750267029
ru	0.4300538897514343
tt	0.35250383615493774
ky	0.9593883156776428
ky	0.6267582774162292
ky	0.4427351653575897
ky	0.4189554750919342
ru	0.41457080841064453
ba	0.4825740158557892
ru	0.9020424485206604
ba	0.3903616964817047
ky	0.8906239867210388
ru	0.40371939539909363
ru	0.557879626750946
kk	0.7595711946487427
kk	0.2508065104484558
mhr	0.817812979221344
ky	0.9330154657363892
tt	0.5177141427993774
ky	0.6730504035949707
ru	0.7322736382484436
ky	0.37052640318870544
ru	0.7134720087051392
kk	0.3596939742565155
ky	0.8051494359970093
ru	0.5134055614471436
tt	0.37847256660461426
ru	0.8058578372001648
tt	0.42416131496429443
ru	0.9081718921661377
kk	0.3297344148159027
ky	0.4845985174179077
kk	0.38937580585479736
ru	0.5795456171035767
ru	0.5114356279373169
ky	0.7458147406578064
sr	0.3297523558139801
ky	0.9762692451477051
kk	0.8230765461921692
ba	0.26887619495391846
mk	0.5901657938957214
sr	0.563785195350647
ky	0.6865977048873901
ru	0.438679575920105
ru	0.8124850988388062
ru	0.8538622856140137
ru	0.38510438799858093
ru	0.6072105765342712
kk	0.8220952153205872
ru	0.36409130692481995
ru	0.2781037986278534
ky	0.9767305850982666
ru	0.7548303008079529
be	0.5466778874397278
ru	0.4155063331127167
kk	0.6665051579475403
ky	0.5475465655326843
ky	0.6194260120391846
ky	0.768906831741333
tt	0.39032217860221863
ru	0.9106056094169617
mn	0.25250232219696045
ky	0.9655476808547974
ky	0.7032326459884644
ky	0.918279230594635
tt	0.5490506291389465
ky	0.7689204216003418
ky	0.36158886551856995
ru	0.8159441351890564
ru	0.5210161805152893
ky	0.9847926497459412
ky	0.9941819310188293
ky	0.3708004653453827
ky	0.6348479390144348
kk	0.6437897682189941
ru	0.7516720294952393
ky	0.3907112181186676
ru	0.7376148104667664
ba	0.4356536567211151
kk	0.8763619661331177
kk	0.30986884236335754
ky	0.4193432927131653
ky	0.44324150681495667
ru	0.8837026953697205
ba	0.7874154448509216
ru	0.31521424651145935
ky	0.563332200050354
be	0.656592071056366
ru	0.5347626805305481
kk	0.7995762825012207
mk	0.4149913191795349
ru	0.8141615390777588
ru	0.2266223281621933
tt	0.5780408978462219
kk	0.9354296922683716
ky	0.8495948314666748
ky	0.8541740775108337
tt	0.4905179440975189
bg	0.8562593460083008
ky	0.7357499003410339
ru	0.3425191640853882
ru	0.5106672048568726
ky	0.4183128774166107
ky	0.5029200911521912
ky	0.6927815675735474
kk	0.5890740752220154
kk	0.8437081575393677
ky	0.5915964245796204
ky	0.9432965517044067
kk	0.46547698974609375
ru	0.8583678603172302
tt	0.8708391785621643
kk	0.7279823422431946
tt	0.6209299564361572
kk	0.9942272305488586
ky	0.41038721799850464
ru	0.5929128527641296
ky	0.4838324189186096
ky	0.5804852247238159
ky	0.850737988948822
ru	0.75218665599823
ru	0.49690598249435425
ky	0.5537198781967163
kk	0.520014762878418
ky	0.3104793131351471
ky	0.6004986763000488
ky	0.23268400132656097
kk	0.5113427042961121
ky	0.9153503775596619
ru	0.7099146246910095
bg	0.6363129615783691
mn	0.1538371741771698
kk	0.9149689078330994
mn	0.9473738074302673
ru	0.7446524500846863
ky	0.7389023900032043
ky	0.8403455018997192
kk	0.4109254777431488
kk	0.9571529626846313
ru	0.7523072361946106
ky	0.4601278603076935
ky	0.41925856471061707
ky	0.9689181447029114
tt	0.3964211940765381
ru	0.31492099165916443
ce	0.3123859167098999
ky	0.4709128737449646
ky	0.8313018083572388
ru	0.8383286595344543
ky	0.7046600580215454
ky	0.877416729927063
tt	0.5283301472663879
mn	0.4860761761665344
kk	0.36176615953445435
ky	0.6702529788017273
ru	0.4243110418319702
ky	0.5767546892166138
ba	0.34147366881370544
ky	0.7629284858703613
ru	0.3608027696609497
kk	0.819094717502594
ru	0.46447497606277466
tt	0.6452186107635498
tt	0.5535140037536621
mk	0.3830556273460388
kk	0.5988245010375977
ky	0.9487093687057495
ky	0.491468220949173
ky	0.836624026298523
ru	0.9478623270988464
ba	0.6299020648002625
ky	0.6560331583023071
ky	0.6485190391540527
ky	0.46530675888061523
ru	0.9338361024856567
ba	0.8270512819290161
ru	0.2737387716770172
kk	0.29305794835090637
ru	0.5948692560195923
kk	0.49848371744155884
ru	0.6991342306137085
ce	0.39339786767959595
kk	0.2820878028869629
ru	0.734326958656311
ky	0.44322630763053894
ky	0.3557080626487732
ky	0.40708670020103455
ru	0.7525962591171265
kk	0.5395008325576782
ky	0.5383163094520569
ky	0.4530826807022095
ky	0.6783187985420227
et	0.31566107273101807
ky	0.9956473708152771
mn	0.2923429608345032
ru	0.5293617844581604
ky	0.9271196126937866
ky	0.8080264925956726
mk	0.3829190135002136
ba	0.29645389318466187
kk	0.8029587268829346
mn	0.4785159230232239
ky	0.5761410593986511
tt	0.4630957841873169
ru	0.37463122606277466
mhr	0.59217768907547
mhr	0.59217768907547
ru	0.37463122606277466
ky	0.5433006286621094
kk	0.5354588627815247
ky	0.3214993476867676
tt	0.6946617364883423
ky	0.9899001717567444
ky	0.8711718916893005
ky	0.9414436221122742
kk	0.38310813903808594
kk	0.3876073658466339
bg	0.5508274435997009
ru	0.477544367313385
ky	0.36749014258384705
kk	0.4466380774974823
kk	0.5770591497421265
kk	0.3729117214679718
ky	0.5706824064254761
kk	0.3806653618812561
kk	0.3559092879295349
kk	0.6157588958740234
bg	0.47538599371910095
ru	0.5735278725624084
ky	0.5531871318817139
ru	0.842890739440918
kk	0.31455811858177185
ru	0.5441250801086426
ru	0.6766853928565979
ky	0.6186472177505493
kk	0.8763318061828613
ru	0.5965718626976013
ky	0.5155640840530396
kk	0.80687016248703
ky	0.4826016426086426
ky	0.4700118601322174
ru	0.3336232900619507
kk	0.5571917295455933
tt	0.8071110844612122
tt	0.3501060903072357
ru	0.8976303339004517
tt	0.8974239230155945
ky	0.6842197179794312
kk	0.606259286403656
ky	0.5822141766548157
kk	0.8260595798492432
kk	0.8988985419273376
ky	0.26087629795074463
mk	0.5037416219711304
bg	0.7762482762336731
ky	0.5912541151046753
ky	0.7581495046615601
tt	0.8270701766014099
ky	0.9378083944320679
ky	0.9980233311653137
kk	0.477928102016449
ru	0.9329233765602112
ky	0.4680933356285095
ky	0.3430274724960327
ru	0.6411710381507874
kk	0.6302881240844727
ky	0.5996549725532532
ky	0.9046103954315186
ky	0.43234705924987793
ky	0.6534757614135742
tt	0.427105575799942
mk	0.4615516662597656
ba	0.5880711078643799
kk	0.38840189576148987
ky	0.43448567390441895
kk	0.8263946175575256
av	0.455722838640213
ky	0.4381882846355438
ky	0.6633933186531067
ky	0.6573247313499451
ru	0.2784731686115265
kk	0.4026213586330414
kk	0.4790199100971222
ky	0.9495205283164978
ru	0.4153297245502472
tt	0.7162497043609619
ky	0.6289368271827698
ky	0.8871323466300964
ky	0.686456024646759
ru	0.4099261462688446
mk	0.3455467224121094
ru	0.9004361629486084
ky	0.9441572427749634
ky	0.6080434322357178
ru	0.5918474197387695
ru	0.5248028635978699
ru	0.8331992030143738
kk	0.7376033663749695
ky	0.8294475674629211
ky	0.6710752844810486
ky	0.5312307476997375
tt	0.5979627370834351
ky	0.660325825214386
ru	0.7455071806907654
ky	0.37971028685569763
ky	0.8883342742919922
mn	0.8475984930992126
ru	0.9213794469833374
ky	0.8890726566314697
ky	0.6323910355567932
ky	0.8995437026023865
ky	0.5280598998069763
kk	0.8354025483131409
tt	0.5309374928474426
ky	0.9913024306297302
tt	0.3082464635372162
ru	0.7241760492324829
kk	0.35700419545173645
kk	0.847621500492096
ky	0.48988720774650574
ru	0.2718625068664551
ru	0.4927331507205963
ce	0.4811001718044281
ky	0.6054623126983643
krc	0.27348792552948
mk	0.3690083622932434
lez	0.35512426495552063
ky	0.9352487921714783
ru	0.4056307375431061
ky	0.9646201133728027
mhr	0.2459745705127716
ru	0.6143009066581726
kk	0.678986132144928
kk	0.9553924798965454
kk	0.5031636357307434
ky	0.8104857206344604
ky	0.9895979166030884
ky	0.6265268325805664
ky	0.8987415432929993
tt	0.264733225107193
ky	0.9434579610824585
ky	0.8655802011489868
ky	0.5191066861152649
ky	0.47338759899139404
ru	0.6912171244621277
mn	0.38299560546875
ky	0.9594437479972839
ru	0.4068959355354309
ky	0.31091809272766113
tt	0.8157263398170471
ky	0.34733399748802185
tt	0.2520749270915985
ba	0.37270694971084595
ru	0.8669826984405518
ky	0.8161914944648743
ky	0.978813886642456
ky	0.4563870131969452
ky	0.8945996165275574
ky	0.3695553243160248
kk	0.8512013554573059
mk	0.29313114285469055
mn	0.30907881259918213
ru	0.3594197630882263
ky	0.5791174173355103
ru	0.5173948407173157
ky	0.8715956807136536
mhr	0.7538188695907593
ky	0.8665276169776917
ru	0.8540019989013672
ru	0.3015733063220978
ky	0.9252825975418091
ba	0.31602779030799866
ru	0.49536797404289246
ce	0.38538455963134766
ky	0.5591866374015808
ru	0.8339224457740784
ky	0.3959468901157379
ky	0.8388332724571228
kk	0.3241644501686096
ru	0.8933717608451843
kk	0.8009466528892517
ru	0.515103280544281
kk	0.8724561333656311
ky	0.46292054653167725
ru	0.6715201735496521
ru	0.9044732451438904
ky	0.2643653452396393
ru	0.36468902230262756
ky	0.3915824890136719
kk	0.5081799626350403
ru	0.46057507395744324
ky	0.8296318650245667
ky	0.2687586545944214
kk	0.5472632646560669
tt	0.6423362493515015
ky	0.8867669105529785
kk	0.5904589891433716
ru	0.603625476360321
kk	0.37995612621307373
ba	0.5767650008201599
tt	0.7065980434417725
ky	0.47477319836616516
ru	0.9484933018684387
ky	0.5969682931900024
ky	0.7367554903030396
kk	0.6292024850845337
kk	0.8419114947319031
kk	0.6683408617973328
kk	0.5571533441543579
ru	0.3829873204231262
kk	0.35192522406578064
ky	0.5358116030693054
ky	0.7169886827468872
kk	0.6055153012275696
ky	0.6739975214004517
ru	0.9318349957466125
ba	0.2729552388191223
ru	0.5021941065788269
ru	0.7852544784545898
ru	0.5043829083442688
ru	0.5043829083442688
ky	0.590172529220581
tt	0.21113167703151703
kk	0.47734400629997253
ru	0.7896801829338074
kk	0.5078676342964172
kk	0.24131472408771515
ru	0.7231982946395874
ky	0.9580332636833191
ky	0.4173290431499481
ru	0.8812357783317566
ru	0.521391749382019
kk	0.6461607217788696
ky	0.944865345954895
ru	0.7077013254165649
ky	0.6386039853096008
ru	0.46220970153808594
tt	0.6835883855819702
ru	0.4558904469013214
ky	0.8049218058586121
ky	0.8581691980361938
kk	0.9035871624946594
ky	0.6909011602401733
ru	0.6869523525238037
ru	0.593049168586731
kk	0.8117842674255371
kk	0.36458295583724976
ky	0.9151552319526672
tt	0.4466768801212311
tt	0.9411802291870117
kk	0.44328832626342773
ky	0.9111730456352234
mhr	0.587268054485321
ky	0.4580584168434143
ru	0.7422530651092529
ru	0.2963187098503113
ky	0.7903922200202942
ky	0.4357166588306427
sr	0.6729089021682739
ky	0.9011915326118469
mhr	0.7669230699539185
ky	0.5275859832763672
ru	0.5424871444702148
ky	0.4100200831890106
ru	0.5715742111206055
ru	0.3660738170146942
kk	0.6754227876663208
tt	0.5387290716171265
ru	0.9168500304222107
mn	0.686981737613678
ru	0.5449162125587463
ky	0.4266878068447113
ky	0.4405878186225891
ky	0.6088722348213196
ky	0.3702567517757416
tt	0.8947018980979919
ky	0.6518908143043518
ky	0.9529919028282166
ky	0.9098273515701294
ru	0.6732957363128662
tt	0.3926878869533539
ky	0.3545945882797241
kk	0.8563933968544006
mhr	0.5365903377532959
ky	0.5216066837310791
ru	0.505574107170105
kk	0.48144975304603577
ky	0.5142166018486023
ky	0.5148118734359741
kk	0.6147603392601013
ru	0.6473994255065918
mk	0.8581202626228333
kk	0.3611311614513397
ru	0.8202891945838928
kk	0.5713959336280823
ru	0.5622201561927795
ru	0.8921929001808167
mn	0.5568264722824097
ru	0.5730195045471191
ru	0.9035106301307678
mk	0.287617027759552
ky	0.5206303596496582
ky	0.411711722612381
ky	0.9959353804588318
tt	0.9404945969581604
tt	0.8312156796455383
ru	0.43141287565231323
ru	0.6142016649246216
ru	0.7685596942901611
